timestamp,machine_id,operator_id,engine_hours,fuel_used_L,load_cycles,idling_time_min,seatbelt_status,proximity_distance_m,safety_alert,task_id,task_type,task_duration_actual,login_device_id,login_location,data_signature_valid,firmware_version
2026-09-13 06:00:00,EXC001,OP1001,2207.5,5389.2,4257,6.5,Fastened,17.6,No,TASK-OP1001-0001,Loading,60.3,TAB-1001-A,North Pit - Zone 1,True,v2.3.1
2026-09-13 06:00:00,EXC002,OP1002,1339.8,7111.1,2843,8.5,Fastened,13.1,No,TASK-OP1002-0001,Transport,61.7,TAB-1002-A,North Pit - Zone 2,True,v2.3.1
2026-09-13 06:00:00,LDR001,OP1003,2289.8,18398.2,2716,7.1,Fastened,15.4,No,TASK-OP1003-0001,Loading,35.7,TAB-1003-A,South Quarry - Zone 1,True,v2.2.4
2026-09-13 06:00:00,EXC001,OP1004,2224.4,5693.1,4300,5.0,Fastened,14.8,No,TASK-OP1004-0001,Digging,115.0,TAB-1004-A,South Quarry - Zone 2,True,v2.3.1
2026-09-13 06:45:00,EXC001,OP1001,2208.5,5409.3,4258,6.9,Fastened,22.6,No,TASK-OP1001-0001,Loading,60.3,TAB-1001-A,North Pit - Zone 1,True,v2.3.1
2026-09-13 06:45:00,EXC002,OP1002,1341.0,7131.7,2844,6.6,Fastened,10.2,No,TASK-OP1002-0001,Transport,61.7,TAB-1002-A,North Pit - Zone 2,True,v2.3.1
2026-09-13 06:45:00,LDR001,OP1003,2290.9,18416.9,2717,7.1,Fastened,24.2,No,TASK-OP1003-0001,Loading,35.7,TAB-1003-A,South Quarry - Zone 1,True,v2.2.4
2026-09-13 06:45:00,EXC001,OP1004,2225.4,5706.4,4303,5.5,Fastened,19.6,No,TASK-OP1004-0001,Digging,115.0,TAB-1004-A,South Quarry - Zone 2,True,v2.3.1
2026-09-13 07:30:00,EXC001,OP1001,2209.4,5425.5,4261,4.3,Fastened,17.3,No,TASK-OP1001-0001,Loading,60.3,TAB-1001-A,North Pit - Zone 1,True,v2.3.1
2026-09-13 07:30:00,EXC002,OP1002,1341.8,7152.5,2847,2.0,Fastened,18.8,No,TASK-OP1002-0001,Transport,61.7,TAB-1002-A,North Pit - Zone 2,True,v2.3.1
2026-09-13 07:30:00,LDR001,OP1003,2292.0,18436.9,2718,5.9,Fastened,24.3,No,TASK-OP1003-0001,Loading,35.7,TAB-1003-A,South Quarry - Zone 1,True,v2.2.4
2026-09-13 07:30:00,EXC001,OP1004,2226.6,5722.1,4305,11.7,Fastened,18.7,No,TASK-OP1004-0001,Digging,115.0,TAB-1004-A,South Quarry - Zone 2,True,v2.3.1
2026-09-13 08:15:00,EXC001,OP1001,2210.6,5440.9,4262,9.7,Fastened,20.3,No,TASK-OP1001-0001,Loading,60.3,TAB-1001-A,North Pit - Zone 1,True,v2.3.1
2026-09-13 08:15:00,EXC002,OP1002,1342.8,7169.0,2850,8.2,Fastened,18.7,No,TASK-OP1002-0002,Grading,56.7,TAB-1002-A,North Pit - Zone 2,True,v2.3.1
2026-09-13 08:15:00,LDR001,OP1003,2292.9,18453.4,2722,0.0,Fastened,21.3,No,TASK-OP1003-0001,Loading,35.7,TAB-1003-A,South Quarry - Zone 1,True,v2.2.4
2026-09-13 08:15:00,EXC001,OP1004,2227.6,5737.1,4306,6.8,Fastened,17.7,No,TASK-OP1004-0001,Digging,115.0,TAB-1004-A,South Quarry - Zone 2,True,v2.3.1
2026-09-13 09:00:00,EXC001,OP1001,2211.5,5456.3,4265,3.6,Fastened,19.6,No,TASK-OP1001-0001,Loading,60.3,TAB-1001-A,North Pit - Zone 1,True,v2.3.1
2026-09-13 09:00:00,EXC002,OP1002,1343.9,7186.1,2851,5.7,Fastened,16.8,No,TASK-OP1002-0002,Grading,56.7,TAB-1002-A,North Pit - Zone 2,True,v2.3.1
2026-09-13 09:00:00,LDR001,OP1003,2293.9,18474.1,2723,6.3,Fastened,16.8,No,TASK-OP1003-0001,Loading,35.7,TAB-1003-A,South Quarry - Zone 1,True,v2.2.4
2026-09-13 09:00:00,EXC001,OP1004,2228.6,5758.4,4307,0.2,Fastened,17.9,No,TASK-OP1004-0001,Digging,115.0,TAB-1004-A,South Quarry - Zone 2,True,v2.3.1
2026-09-13 09:45:00,EXC001,OP1001,2212.6,5473.7,4269,3.6,Fastened,16.6,No,TASK-OP1001-0001,Loading,60.3,TAB-1001-A,North Pit - Zone 1,True,v2.3.1
2026-09-13 09:45:00,EXC002,OP1002,1344.8,7204.5,2853,1.6,Fastened,15.1,No,TASK-OP1002-0002,Grading,56.7,TAB-1002-A,North Pit - Zone 2,True,v2.3.1
2026-09-13 09:45:00,LDR001,OP1003,2295.0,18491.6,2724,6.3,Fastened,10.0,No,TASK-OP1003-0001,Loading,35.7,TAB-1003-A,South Quarry - Zone 1,True,v2.2.4
2026-09-13 09:45:00,EXC001,OP1004,2229.8,5777.8,4309,6.2,Fastened,27.9,No,TASK-OP1004-0002,Loading,45.9,TAB-1004-A,South Quarry - Zone 2,True,v2.3.1
2026-09-13 10:30:00,EXC001,OP1001,2213.6,5494.3,4271,5.7,Fastened,12.3,No,TASK-OP1001-0002,Grading,132.1,TAB-1001-A,North Pit - Zone 1,True,v2.3.1
2026-09-13 10:30:00,EXC002,OP1002,1345.9,7221.8,2854,4.6,Fastened,22.2,No,TASK-OP1002-0003,Loading,62.4,TAB-1002-A,North Pit - Zone 2,True,v2.3.1
2026-09-13 10:30:00,LDR001,OP1003,2296.2,18512.1,2726,5.3,Fastened,19.4,No,TASK-OP1003-0002,Digging,176.3,TAB-1003-A,South Quarry - Zone 1,True,v2.2.4
2026-09-13 10:30:00,EXC001,OP1004,2230.8,5797.0,4311,5.4,Fastened,19.2,No,TASK-OP1004-0002,Loading,45.9,TAB-1004-A,South Quarry - Zone 2,True,v2.3.1
2026-09-13 11:15:00,EXC001,OP1001,2214.4,5508.6,4274,0.0,Fastened,16.3,No,TASK-OP1001-0002,Grading,132.1,TAB-1001-A,North Pit - Zone 1,True,v2.3.1
2026-09-13 11:15:00,EXC002,OP1002,1346.9,7234.9,2857,7.0,Fastened,10.9,No,TASK-OP1002-0003,Loading,62.4,TAB-1002-A,North Pit - Zone 2,True,v2.3.1
2026-09-13 11:15:00,LDR001,OP1003,2297.2,18532.7,2727,10.4,Fastened,15.9,No,TASK-OP1003-0002,Digging,176.3,TAB-1003-A,South Quarry - Zone 1,True,v2.2.4
2026-09-13 11:15:00,EXC001,OP1004,2231.9,5814.1,4314,5.9,Fastened,13.3,No,TASK-OP1004-0002,Loading,45.9,TAB-1004-A,South Quarry - Zone 2,True,v2.3.1
2026-09-13 12:00:00,EXC001,OP1001,2215.5,5529.3,4278,2.0,Fastened,18.9,No,TASK-OP1001-0002,Grading,132.1,TAB-1001-A,North Pit - Zone 1,True,v2.3.1
2026-09-13 12:00:00,EXC002,OP1002,1348.0,7250.0,2858,7.0,Fastened,16.5,No,TASK-OP1002-0003,Loading,62.4,TAB-1002-A,North Pit - Zone 2,True,v2.3.1
2026-09-13 12:00:00,LDR001,OP1003,2298.0,18548.6,2731,3.6,Fastened,16.0,No,TASK-OP1003-0002,Digging,176.3,TAB-1003-A,South Quarry - Zone 1,True,v2.2.4
2026-09-13 12:00:00,EXC001,OP1004,2233.0,5827.0,4318,9.4,Fastened,21.0,No,TASK-OP1004-0002,Loading,45.9,TAB-1004-A,South Quarry - Zone 2,True,v2.3.1
2026-09-13 12:45:00,EXC001,OP1001,2216.4,5548.0,4279,2.3,Fastened,13.8,No,TASK-OP1001-0003,Grading,62.1,TAB-1001-A,North Pit - Zone 1,True,v2.3.1
2026-09-13 12:45:00,EXC002,OP1002,1349.0,7262.7,2860,4.0,Fastened,20.4,No,TASK-OP1002-0004,Digging,70.3,TAB-1002-A,North Pit - Zone 2,True,v2.3.1
2026-09-13 12:45:00,LDR001,OP1003,2299.1,18567.9,2735,8.7,Fastened,19.3,No,TASK-OP1003-0002,Digging,176.3,TAB-1003-A,South Quarry - Zone 1,True,v2.2.4
2026-09-13 12:45:00,EXC001,OP1004,2233.8,5842.3,4320,8.4,Fastened,14.4,No,TASK-OP1004-0002,Loading,45.9,TAB-1004-A,South Quarry - Zone 2,True,v2.3.1
2026-09-13 13:30:00,EXC001,OP1001,2217.3,5567.3,4281,9.4,Fastened,17.3,No,TASK-OP1001-0003,Grading,62.1,TAB-1001-A,North Pit - Zone 1,True,v2.3.1
2026-09-13 13:30:00,EXC002,OP1002,1350.0,7280.2,2863,9.1,Fastened,21.7,No,TASK-OP1002-0004,Digging,70.3,TAB-1002-A,North Pit - Zone 2,True,v2.3.1
2026-09-13 13:30:00,LDR001,OP1003,2299.9,18587.3,2736,4.4,Fastened,20.1,No,TASK-OP1003-0003,Grading,67.9,TAB-1003-A,South Quarry - Zone 1,True,v2.2.4
2026-09-13 13:30:00,EXC001,OP1004,2234.7,5861.7,4324,10.2,Fastened,12.4,No,TASK-OP1004-0002,Loading,45.9,TAB-1004-A,South Quarry - Zone 2,True,v2.3.1
2026-09-13 14:15:00,EXC001,OP1001,2218.2,5588.6,4283,5.2,Fastened,13.7,No,TASK-OP1001-0003,Grading,62.1,TAB-1001-A,North Pit - Zone 1,True,v2.3.1
2026-09-13 14:15:00,EXC002,OP1002,1351.0,7301.8,2865,3.5,Fastened,16.8,No,TASK-OP1002-0004,Digging,70.3,TAB-1002-A,North Pit - Zone 2,True,v2.3.1
2026-09-13 14:15:00,LDR001,OP1003,2300.7,18605.1,2738,6.3,Fastened,21.9,No,TASK-OP1003-0003,Grading,67.9,TAB-1003-A,South Quarry - Zone 1,True,v2.2.4
2026-09-13 14:15:00,EXC001,OP1004,2235.9,5882.7,4325,7.8,Fastened,26.8,No,TASK-OP1004-0003,Digging,69.0,TAB-1004-A,South Quarry - Zone 2,True,v2.3.1
2026-09-13 15:00:00,EXC001,OP1001,2219.0,5603.8,4286,3.4,Fastened,18.3,No,TASK-OP1001-0004,Digging,87.5,TAB-1001-A,North Pit - Zone 1,True,v2.3.1
2026-09-13 15:00:00,EXC002,OP1002,1352.0,7320.5,2868,7.0,Fastened,21.9,No,TASK-OP1002-0004,Digging,70.3,TAB-1002-A,North Pit - Zone 2,True,v2.3.1
2026-09-13 15:00:00,LDR001,OP1003,2301.7,18625.6,2739,3.9,Fastened,16.7,No,TASK-OP1003-0003,Grading,67.9,TAB-1003-A,South Quarry - Zone 1,True,v2.2.4
2026-09-13 15:00:00,EXC001,OP1004,2236.9,5896.2,4327,3.0,Fastened,15.7,No,TASK-OP1004-0003,Digging,69.0,TAB-1004-A,South Quarry - Zone 2,True,v2.3.1
2026-09-13 15:45:00,EXC001,OP1001,2220.2,5621.5,4289,1.5,Fastened,19.1,No,TASK-OP1001-0004,Digging,87.5,TAB-1001-A,North Pit - Zone 1,True,v2.3.1
2026-09-13 15:45:00,EXC002,OP1002,1352.9,7335.9,2870,4.6,Fastened,17.3,No,TASK-OP1002-0005,Transport,28.5,TAB-1002-A,North Pit - Zone 2,True,v2.3.1
2026-09-13 15:45:00,LDR001,OP1003,2302.8,18640.0,2740,4.8,Fastened,12.1,No,TASK-OP1003-0003,Grading,67.9,TAB-1003-A,South Quarry - Zone 1,True,v2.2.4
2026-09-13 15:45:00,EXC001,OP1004,2237.8,5917.5,4328,6.3,Fastened,16.0,No,TASK-OP1004-0003,Digging,69.0,TAB-1004-A,South Quarry - Zone 2,True,v2.3.1
2026-09-13 16:30:00,EXC001,OP1001,2221.2,5642.3,4293,3.2,Fastened,17.1,No,TASK-OP1001-0004,Digging,87.5,TAB-1001-A,North Pit - Zone 1,True,v2.3.1
2026-09-13 16:30:00,EXC002,OP1002,1353.7,7355.0,2871,2.7,Fastened,13.2,No,TASK-OP1002-0005,Transport,28.5,TAB-1002-A,North Pit - Zone 2,True,v2.3.1
2026-09-13 16:30:00,LDR001,OP1003,2303.8,18657.8,2741,6.9,Fastened,19.0,No,TASK-OP1003-0003,Grading,67.9,TAB-1003-A,South Quarry - Zone 1,True,v2.2.4
2026-09-13 16:30:00,EXC001,OP1004,2238.7,5932.0,4329,1.3,Fastened,18.3,No,TASK-OP1004-0003,Digging,69.0,TAB-1004-A,South Quarry - Zone 2,True,v2.3.1
2026-09-13 17:15:00,EXC001,OP1001,2222.2,5656.9,4297,3.2,Fastened,23.6,No,TASK-OP1001-0005,Loading,44.8,TAB-1001-A,North Pit - Zone 1,True,v2.3.1
2026-09-13 17:15:00,EXC002,OP1002,1354.9,7375.6,2872,8.4,Fastened,23.4,No,TASK-OP1002-0005,Transport,28.5,TAB-1002-A,North Pit - Zone 2,True,v2.3.1
2026-09-13 17:15:00,LDR001,OP1003,2304.8,18675.6,2744,6.0,Fastened,17.1,No,TASK-OP1003-0003,Grading,67.9,TAB-1003-A,South Quarry - Zone 1,True,v2.2.4
2026-09-13 17:15:00,EXC001,OP1004,2239.7,5952.7,4331,2.8,Fastened,19.9,No,TASK-OP1004-0003,Digging,69.0,TAB-1004-A,South Quarry - Zone 2,True,v2.3.1
2026-09-13 18:00:00,EXC001,OP1001,2223.2,5671.1,4299,5.0,Fastened,14.8,No,TASK-OP1001-0005,Loading,44.8,TAB-1001-A,North Pit - Zone 1,True,v2.3.1
2026-09-13 18:00:00,EXC002,OP1002,1355.8,7392.5,2874,5.8,Fastened,22.0,No,TASK-OP1002-0005,Transport,28.5,TAB-1002-A,North Pit - Zone 2,True,v2.3.1
2026-09-13 18:00:00,LDR001,OP1003,2305.7,18690.3,2746,1.8,Fastened,16.3,No,TASK-OP1003-0004,Loading,70.2,TAB-1003-A,South Quarry - Zone 1,True,v2.2.4
2026-09-13 18:00:00,EXC001,OP1004,2240.9,5972.8,4335,3.2,Unfastened,24.2,Yes,TASK-OP1004-0004,Loading,81.9,TAB-1004-A,South Quarry - Zone 2,True,v2.3.1
2026-09-14 06:00:00,EXC001,OP1001,2241.7,5993.5,4339,5.4,Fastened,15.5,No,TASK-OP1001-0006,Loading,77.2,TAB-1001-A,North Pit - Zone 1,True,v2.3.1
2026-09-14 06:00:00,EXC002,OP1002,1356.7,7409.3,2875,3.3,Fastened,14.7,No,TASK-OP1002-0006,Loading,31.5,TAB-1002-A,North Pit - Zone 2,True,v2.3.1
2026-09-14 06:00:00,LDR001,OP1003,2306.8,18710.3,2748,1.9,Fastened,14.2,No,TASK-OP1003-0005,Digging,106.7,TAB-1003-A,South Quarry - Zone 1,True,v2.2.4
2026-09-14 06:00:00,LDR001,OP1004,2323.8,19003.5,2780,4.0,Fastened,21.4,No,TASK-OP1004-0005,Transport,69.5,TAB-1004-A,South Quarry - Zone 2,True,v2.2.4
2026-09-14 06:45:00,EXC001,OP1001,2242.8,6010.1,4342,10.2,Fastened,12.8,No,TASK-OP1001-0006,Loading,77.2,TAB-1001-A,North Pit - Zone 1,True,v2.3.1
2026-09-14 06:45:00,EXC002,OP1002,1357.9,7427.1,2879,5.8,Fastened,19.4,No,TASK-OP1002-0006,Loading,31.5,TAB-1002-A,North Pit - Zone 2,True,v2.3.1
2026-09-14 06:45:00,LDR001,OP1003,2308.0,18732.1,2749,7.5,Fastened,20.1,No,TASK-OP1003-0005,Digging,106.7,TAB-1003-A,South Quarry - Zone 1,True,v2.2.4
2026-09-14 06:45:00,LDR001,OP1004,2325.0,19023.2,2784,3.6,Fastened,17.5,No,TASK-OP1004-0005,Transport,69.5,TAB-1004-A,South Quarry - Zone 2,True,v2.2.4
2026-09-14 07:30:00,EXC001,OP1001,2243.9,6024.3,4344,8.5,Fastened,20.4,No,TASK-OP1001-0006,Loading,77.2,TAB-1001-A,North Pit - Zone 1,True,v2.3.1
2026-09-14 07:30:00,EXC002,OP1002,1358.8,7445.7,2880,6.8,Fastened,21.3,No,TASK-OP1002-0006,Loading,31.5,TAB-1002-A,North Pit - Zone 2,True,v2.3.1
2026-09-14 07:30:00,LDR001,OP1003,2309.0,18750.7,2750,7.5,Fastened,33.4,No,TASK-OP1003-0005,Digging,106.7,TAB-1003-A,South Quarry - Zone 1,True,v2.2.4
2026-09-14 07:30:00,LDR001,OP1004,2326.1,19037.9,2786,7.5,Fastened,21.5,No,TASK-OP1004-0005,Transport,69.5,TAB-1004-A,South Quarry - Zone 2,True,v2.2.4
2026-09-14 08:15:00,EXC001,OP1001,2244.8,6037.0,4347,3.0,Fastened,17.0,No,TASK-OP1001-0006,Loading,77.2,TAB-1001-A,North Pit - Zone 1,True,v2.3.1
2026-09-14 08:15:00,EXC002,OP1002,1359.9,7466.6,2884,6.0,Fastened,23.8,No,TASK-OP1002-0006,Loading,31.5,TAB-1002-A,North Pit - Zone 2,True,v2.3.1
2026-09-14 08:15:00,LDR001,OP1003,2309.9,18767.3,2751,7.7,Fastened,22.5,No,TASK-OP1003-0005,Digging,106.7,TAB-1003-A,South Quarry - Zone 1,True,v2.2.4
2026-09-14 08:15:00,LDR001,OP1004,2326.9,19058.7,2788,2.4,Fastened,16.7,No,TASK-OP1004-0005,Transport,69.5,TAB-1004-A,South Quarry - Zone 2,True,v2.2.4
2026-09-14 09:00:00,EXC001,OP1001,2245.8,6055.8,4350,8.6,Fastened,18.8,No,TASK-OP1001-0006,Loading,77.2,TAB-1001-A,North Pit - Zone 1,True,v2.3.1
2026-09-14 09:00:00,EXC002,OP1002,1360.8,7487.1,2888,5.2,Fastened,28.9,No,TASK-OP1002-0007,Transport,23.5,TAB-1002-A,North Pit - Zone 2,True,v2.3.1
2026-09-14 09:00:00,LDR001,OP1003,2310.8,18783.8,2754,8.9,Fastened,20.6,No,TASK-OP1003-0005,Digging,106.7,TAB-1003-A,South Quarry - Zone 1,True,v2.2.4
2026-09-14 09:00:00,LDR001,OP1004,2327.9,19077.4,2791,4.6,Unfastened,15.4,Yes,TASK-OP1004-0005,Transport,69.5,TAB-1004-A,South Quarry - Zone 2,True,v2.2.4
2026-09-14 09:45:00,EXC001,OP1001,2246.7,6073.6,4353,4.1,Unfastened,12.5,Yes,TASK-OP1001-0007,Digging,165.2,TAB-1001-A,North Pit - Zone 1,True,v2.3.1
2026-09-14 09:45:00,EXC002,OP1002,1361.8,7504.4,2891,7.9,Fastened,14.6,No,TASK-OP1002-0007,Transport,23.5,TAB-1002-A,North Pit - Zone 2,True,v2.3.1
2026-09-14 09:45:00,LDR001,OP1003,2312.0,18800.0,2755,5.1,Fastened,21.0,No,TASK-OP1003-0006,Transport,39.5,TAB-1003-A,South Quarry - Zone 1,True,v2.2.4
2026-09-14 09:45:00,LDR001,OP1004,2329.0,19091.2,2793,11.3,Fastened,19.6,No,TASK-OP1004-0005,Transport,69.5,TAB-1004-A,South Quarry - Zone 2,True,v2.2.4
2026-09-14 10:30:00,EXC001,OP1001,2247.7,6089.1,4356,9.3,Fastened,17.3,No,TASK-OP1001-0007,Digging,165.2,TAB-1001-A,North Pit - Zone 1,True,v2.3.1
2026-09-14 10:30:00,EXC002,OP1002,1363.0,7522.5,2895,2.8,Fastened,19.9,No,TASK-OP1002-0007,Transport,23.5,TAB-1002-A,North Pit - Zone 2,True,v2.3.1
2026-09-14 10:30:00,LDR001,OP1003,2313.1,18812.5,2758,3.7,Fastened,17.1,No,TASK-OP1003-0006,Transport,39.5,TAB-1003-A,South Quarry - Zone 1,True,v2.2.4
2026-09-14 10:30:00,LDR001,OP1004,2330.2,19110.2,2796,2.2,Fastened,21.7,No,TASK-OP1004-0006,Grading,80.7,TAB-1004-A,South Quarry - Zone 2,True,v2.2.4
2026-09-14 11:15:00,EXC001,OP1001,2248.9,6102.3,4358,8.5,Fastened,17.5,No,TASK-OP1001-0007,Digging,165.2,TAB-1001-A,North Pit - Zone 1,True,v2.3.1
2026-09-14 11:15:00,EXC002,OP1002,1364.0,7543.5,2899,5.3,Fastened,20.9,No,TASK-OP1002-0007,Transport,23.5,TAB-1002-A,North Pit - Zone 2,True,v2.3.1
2026-09-14 11:15:00,LDR001,OP1003,2313.9,18834.1,2759,4.5,Fastened,18.3,No,TASK-OP1003-0006,Transport,39.5,TAB-1003-A,South Quarry - Zone 1,True,v2.2.4
2026-09-14 11:15:00,LDR001,OP1004,2331.2,19124.1,2798,12.4,Fastened,22.1,No,TASK-OP1004-0006,Grading,80.7,TAB-1004-A,South Quarry - Zone 2,True,v2.2.4
2026-09-14 12:00:00,EXC001,OP1001,2250.0,6114.3,4360,5.7,Fastened,17.1,No,TASK-OP1001-0007,Digging,165.2,TAB-1001-A,North Pit - Zone 1,True,v2.3.1
2026-09-14 12:00:00,EXC002,OP1002,1365.1,7563.9,2902,7.4,Fastened,17.7,No,TASK-OP1002-0007,Transport,23.5,TAB-1002-A,North Pit - Zone 2,True,v2.3.1
2026-09-14 12:00:00,LDR001,OP1003,2315.1,18848.1,2760,12.9,Fastened,10.5,No,TASK-OP1003-0006,Transport,39.5,TAB-1003-A,South Quarry - Zone 1,True,v2.2.4
2026-09-14 12:00:00,LDR001,OP1004,2332.2,19143.7,2802,1.4,Fastened,16.1,No,TASK-OP1004-0006,Grading,80.7,TAB-1004-A,South Quarry - Zone 2,True,v2.2.4
2026-09-14 12:45:00,EXC001,OP1001,2250.8,6132.9,4363,8.7,Fastened,14.3,No,TASK-OP1001-0007,Digging,165.2,TAB-1001-A,North Pit - Zone 1,True,v2.3.1
2026-09-14 12:45:00,EXC002,OP1002,1366.0,7576.7,2905,3.5,Fastened,11.9,No,TASK-OP1002-0008,Transport,63.9,TAB-1002-A,North Pit - Zone 2,True,v2.3.1
2026-09-14 12:45:00,LDR001,OP1003,2316.0,18864.8,2761,8.1,Fastened,11.5,No,TASK-OP1003-0006,Transport,39.5,TAB-1003-A,South Quarry - Zone 1,True,v2.2.4
2026-09-14 12:45:00,LDR001,OP1004,2333.0,19158.6,2806,9.8,Fastened,15.2,No,TASK-OP1004-0007,Transport,51.4,TAB-1004-A,South Quarry - Zone 2,True,v2.2.4
2026-09-14 13:30:00,EXC001,OP1001,2251.9,6146.1,4366,13.4,Fastened,17.9,No,TASK-OP1001-0007,Digging,165.2,TAB-1001-A,North Pit - Zone 1,True,v2.3.1
2026-09-14 13:30:00,EXC002,OP1002,1366.9,7597.6,2906,4.7,Fastened,21.4,No,TASK-OP1002-0008,Transport,63.9,TAB-1002-A,North Pit - Zone 2,True,v2.3.1
2026-09-14 13:30:00,LDR001,OP1003,2316.9,18883.8,2764,4.6,Fastened,22.4,No,TASK-OP1003-0006,Transport,39.5,TAB-1003-A,South Quarry - Zone 1,True,v2.2.4
2026-09-14 13:30:00,LDR001,OP1004,2333.9,19176.4,2810,7.3,Fastened,21.1,No,TASK-OP1004-0007,Transport,51.4,TAB-1004-A,South Quarry - Zone 2,True,v2.2.4
2026-09-14 14:15:00,EXC001,OP1001,2253.0,6163.6,4368,4.2,Fastened,18.4,No,TASK-OP1001-0008,Transport,42.8,TAB-1001-A,North Pit - Zone 1,True,v2.3.1
2026-09-14 14:15:00,EXC002,OP1002,1367.8,7616.5,2908,6.6,Fastened,13.0,No,TASK-OP1002-0008,Transport,63.9,TAB-1002-A,North Pit - Zone 2,True,v2.3.1
2026-09-14 14:15:00,LDR001,OP1003,2317.8,18898.9,2765,6.2,Fastened,13.7,No,TASK-OP1003-0007,Digging,153.3,TAB-1003-A,South Quarry - Zone 1,True,v2.2.4
2026-09-14 14:15:00,LDR001,OP1004,2334.8,19198.4,2813,3.2,Fastened,17.8,No,TASK-OP1004-0007,Transport,51.4,TAB-1004-A,South Quarry - Zone 2,True,v2.2.4
2026-09-14 15:00:00,EXC001,OP1001,2254.2,6182.4,4370,4.9,Fastened,18.8,No,TASK-OP1001-0008,Transport,42.8,TAB-1001-A,North Pit - Zone 1,True,v2.3.1
2026-09-14 15:00:00,EXC002,OP1002,1368.8,7633.9,2912,6.5,Fastened,19.5,No,TASK-OP1002-0008,Transport,63.9,TAB-1002-A,North Pit - Zone 2,True,v2.3.1
2026-09-14 15:00:00,LDR001,OP1003,2318.8,18920.0,2769,3.9,Fastened,20.7,No,TASK-OP1003-0007,Digging,153.3,TAB-1003-A,South Quarry - Zone 1,True,v2.2.4
2026-09-14 15:00:00,LDR001,OP1004,2335.8,19213.5,2815,0.0,Fastened,13.9,No,TASK-OP1004-0007,Transport,51.4,TAB-1004-A,South Quarry - Zone 2,True,v2.2.4
2026-09-14 15:45:00,EXC001,OP1001,2255.1,6199.9,4371,11.3,Fastened,14.0,No,TASK-OP1001-0008,Transport,42.8,TAB-1001-A,North Pit - Zone 1,True,v2.3.1
2026-09-14 15:45:00,EXC002,OP1002,1369.9,7655.4,2913,3.3,Fastened,18.6,No,TASK-OP1002-0009,Transport,47.3,TAB-1002-A,North Pit - Zone 2,True,v2.3.1
2026-09-14 15:45:00,LDR001,OP1003,2319.9,18932.8,2771,3.8,Fastened,18.9,No,TASK-OP1003-0007,Digging,153.3,TAB-1003-A,South Quarry - Zone 1,True,v2.2.4
2026-09-14 15:45:00,LDR001,OP1004,2336.7,19226.7,2817,5.2,Fastened,13.0,No,TASK-OP1004-0007,Transport,51.4,TAB-1004-A,South Quarry - Zone 2,True,v2.2.4
2026-09-14 16:30:00,EXC001,OP1001,2256.0,6219.8,4374,10.7,Fastened,17.7,No,TASK-OP1001-0008,Transport,42.8,TAB-1001-A,North Pit - Zone 1,True,v2.3.1
2026-09-14 16:30:00,EXC002,OP1002,1371.0,7671.2,2914,6.2,Fastened,13.4,No,TASK-OP1002-0009,Transport,47.3,TAB-1002-A,North Pit - Zone 2,True,v2.3.1
2026-09-14 16:30:00,LDR001,OP1003,2321.0,18953.3,2772,6.1,Fastened,15.4,No,TASK-OP1003-0007,Digging,153.3,TAB-1003-A,South Quarry - Zone 1,True,v2.2.4
2026-09-14 16:30:00,LDR001,OP1004,2337.8,19241.5,2820,10.9,Fastened,12.3,No,TASK-OP1004-0007,Transport,51.4,TAB-1004-A,South Quarry - Zone 2,True,v2.2.4
2026-09-14 17:15:00,EXC001,OP1001,2257.0,6239.7,4376,10.2,Fastened,22.1,No,TASK-OP1001-0009,Transport,67.3,TAB-1001-A,North Pit - Zone 1,True,v2.3.1
2026-09-14 17:15:00,EXC002,OP1002,1371.9,7687.1,2918,7.1,Fastened,20.2,No,TASK-OP1002-0009,Transport,47.3,TAB-1002-A,North Pit - Zone 2,True,v2.3.1
2026-09-14 17:15:00,LDR001,OP1003,2322.0,18965.7,2776,12.4,Fastened,20.5,No,TASK-OP1003-0007,Digging,153.3,TAB-1003-A,South Quarry - Zone 1,True,v2.2.4
2026-09-14 17:15:00,LDR001,OP1004,2338.7,19256.5,2822,4.7,Fastened,18.5,No,TASK-OP1004-0008,Loading,47.8,TAB-1004-A,South Quarry - Zone 2,True,v2.2.4
2026-09-14 18:00:00,EXC001,OP1001,2257.9,6258.3,4379,7.0,Unfastened,14.2,Yes,TASK-OP1001-0009,Transport,67.3,TAB-1001-A,North Pit - Zone 1,True,v2.3.1
2026-09-14 18:00:00,EXC002,OP1002,1373.0,7707.1,2920,9.2,Fastened,22.2,No,TASK-OP1002-0009,Transport,47.3,TAB-1002-A,North Pit - Zone 2,True,v2.3.1
2026-09-14 18:00:00,LDR001,OP1003,2322.8,18984.2,2777,0.0,Fastened,18.7,No,TASK-OP1003-0007,Digging,153.3,TAB-1003-A,South Quarry - Zone 1,True,v2.2.4
2026-09-14 18:00:00,LDR001,OP1004,2339.9,19274.0,2824,10.3,Fastened,12.3,No,TASK-OP1004-0008,Loading,47.8,TAB-1004-A,South Quarry - Zone 2,True,v2.2.4
2026-09-15 06:00:00,EXC001,OP1001,2258.8,6280.0,4382,14.0,Fastened,14.9,No,TASK-OP1001-0010,Transport,53.5,TAB-1001-A,North Pit - Zone 1,True,v2.3.1
2026-09-15 06:00:00,EXC002,OP1002,1373.9,7725.0,2924,9.8,Fastened,15.6,No,TASK-OP1002-0010,Transport,84.1,TAB-1002-A,North Pit - Zone 2,True,v2.3.1
2026-09-15 06:00:00,LDR001,OP1003,2340.9,19290.6,2827,3.5,Fastened,19.0,No,TASK-OP1003-0008,Grading,103.0,TAB-1003-A,South Quarry - Zone 1,True,v2.2.4
2026-09-15 06:00:00,EXC001,OP1004,2275.6,6576.3,4423,12.5,Fastened,14.9,No,TASK-OP1004-0009,Digging,113.0,TAB-1004-A,South Quarry - Zone 2,True,v2.3.1
2026-09-15 06:45:00,EXC001,OP1001,2259.8,6300.2,4386,7.6,Fastened,16.3,No,TASK-OP1001-0010,Transport,53.5,TAB-1001-A,North Pit - Zone 1,True,v2.3.1
2026-09-15 06:45:00,EXC002,OP1002,1374.9,7741.1,2927,7.6,Fastened,17.2,No,TASK-OP1002-0010,Transport,84.1,TAB-1002-A,North Pit - Zone 2,True,v2.3.1
2026-09-15 06:45:00,LDR001,OP1003,2342.1,19305.0,2831,6.7,Fastened,16.0,No,TASK-OP1003-0008,Grading,103.0,TAB-1003-A,South Quarry - Zone 1,True,v2.2.4
2026-09-15 06:45:00,EXC001,OP1004,2276.6,6591.3,4427,8.6,Fastened,18.7,No,TASK-OP1004-0009,Digging,113.0,TAB-1004-A,South Quarry - Zone 2,True,v2.3.1
2026-09-15 07:30:00,EXC001,OP1001,2260.8,6319.1,4388,11.2,Unfastened,13.1,Yes,TASK-OP1001-0010,Transport,53.5,TAB-1001-A,North Pit - Zone 1,True,v2.3.1
2026-09-15 07:30:00,EXC002,OP1002,1376.0,7756.4,2931,5.3,Fastened,22.4,No,TASK-OP1002-0010,Transport,84.1,TAB-1002-A,North Pit - Zone 2,True,v2.3.1
2026-09-15 07:30:00,LDR001,OP1003,2343.2,19317.4,2835,4.6,Fastened,18.9,No,TASK-OP1003-0008,Grading,103.0,TAB-1003-A,South Quarry - Zone 1,True,v2.2.4
2026-09-15 07:30:00,EXC001,OP1004,2277.4,6607.1,4430,12.6,Fastened,14.8,No,TASK-OP1004-0009,Digging,113.0,TAB-1004-A,South Quarry - Zone 2,True,v2.3.1
2026-09-15 08:15:00,EXC001,OP1001,2261.8,6334.1,4390,10.8,Unfastened,13.7,Yes,TASK-OP1001-0010,Transport,53.5,TAB-1001-A,North Pit - Zone 1,True,v2.3.1
2026-09-15 08:15:00,EXC002,OP1002,1377.2,7776.5,2932,8.5,Fastened,21.3,No,TASK-OP1002-0010,Transport,84.1,TAB-1002-A,North Pit - Zone 2,True,v2.3.1
2026-09-15 08:15:00,LDR001,OP1003,2344.3,19333.3,2837,1.7,Fastened,12.4,No,TASK-OP1003-0008,Grading,103.0,TAB-1003-A,South Quarry - Zone 1,True,v2.2.4
2026-09-15 08:15:00,EXC001,OP1004,2278.5,6623.1,4431,3.5,Fastened,15.6,No,TASK-OP1004-0010,Grading,47.3,TAB-1004-A,South Quarry - Zone 2,True,v2.3.1
2026-09-15 09:00:00,EXC001,OP1001,2262.9,6352.2,4392,10.9,Fastened,16.9,No,TASK-OP1001-0010,Transport,53.5,TAB-1001-A,North Pit - Zone 1,True,v2.3.1
2026-09-15 09:00:00,EXC002,OP1002,1378.1,7791.7,2936,9.9,Fastened,18.1,No,TASK-OP1002-0010,Transport,84.1,TAB-1002-A,North Pit - Zone 2,True,v2.3.1
2026-09-15 09:00:00,LDR001,OP1003,2345.1,19350.3,2840,3.8,Fastened,17.1,No,TASK-OP1003-0008,Grading,103.0,TAB-1003-A,South Quarry - Zone 1,True,v2.2.4
2026-09-15 09:00:00,EXC001,OP1004,2279.6,6642.5,4432,0.0,Fastened,15.9,No,TASK-OP1004-0010,Grading,47.3,TAB-1004-A,South Quarry - Zone 2,True,v2.3.1
2026-09-15 09:45:00,EXC001,OP1001,2263.9,6373.3,4395,15.3,Fastened,11.2,No,TASK-OP1001-0010,Transport,53.5,TAB-1001-A,North Pit - Zone 1,True,v2.3.1
2026-09-15 09:45:00,EXC002,OP1002,1379.1,7807.8,2938,8.0,Fastened,16.8,No,TASK-OP1002-0011,Digging,138.9,TAB-1002-A,North Pit - Zone 2,True,v2.3.1
2026-09-15 09:45:00,LDR001,OP1003,2346.2,19366.7,2844,6.9,Unfastened,23.9,Yes,TASK-OP1003-0008,Grading,103.0,TAB-1003-A,South Quarry - Zone 1,True,v2.2.4
2026-09-15 09:45:00,EXC001,OP1004,2280.7,6662.8,4435,3.7,Fastened,18.6,No,TASK-OP1004-0010,Grading,47.3,TAB-1004-A,South Quarry - Zone 2,True,v2.3.1
2026-09-15 10:30:00,EXC001,OP1001,2264.9,6391.4,4396,17.0,Fastened,9.0,No,TASK-OP1001-0011,Transport,41.4,TAB-1001-A,North Pit - Zone 1,True,v2.3.1
2026-09-15 10:30:00,EXC002,OP1002,1380.1,7824.8,2942,7.0,Fastened,17.5,No,TASK-OP1002-0011,Digging,138.9,TAB-1002-A,North Pit - Zone 2,True,v2.3.1
2026-09-15 10:30:00,LDR001,OP1003,2347.3,19380.2,2848,8.6,Fastened,17.4,No,TASK-OP1003-0009,Loading,54.6,TAB-1003-A,South Quarry - Zone 1,True,v2.2.4
2026-09-15 10:30:00,EXC001,OP1004,2281.6,6682.8,4437,7.0,Fastened,25.5,No,TASK-OP1004-0010,Grading,47.3,TAB-1004-A,South Quarry - Zone 2,True,v2.3.1
2026-09-15 11:15:00,EXC001,OP1001,2265.8,6405.5,4397,10.1,Unfastened,16.7,Yes,TASK-OP1001-0011,Transport,41.4,TAB-1001-A,North Pit - Zone 1,True,v2.3.1
2026-09-15 11:15:00,EXC002,OP1002,1381.0,7842.3,2945,6.3,Fastened,20.4,No,TASK-OP1002-0011,Digging,138.9,TAB-1002-A,North Pit - Zone 2,True,v2.3.1
2026-09-15 11:15:00,LDR001,OP1003,2348.2,19398.4,2852,5.9,Fastened,14.0,No,TASK-OP1003-0009,Loading,54.6,TAB-1003-A,South Quarry - Zone 1,True,v2.2.4
2026-09-15 11:15:00,EXC001,OP1004,2282.6,6701.6,4439,8.9,Fastened,15.7,No,TASK-OP1004-0010,Grading,47.3,TAB-1004-A,South Quarry - Zone 2,True,v2.3.1
2026-09-15 12:00:00,EXC001,OP1001,2266.7,6418.3,4398,11.4,Fastened,13.0,No,TASK-OP1001-0011,Transport,41.4,TAB-1001-A,North Pit - Zone 1,True,v2.3.1
2026-09-15 12:00:00,EXC002,OP1002,1382.2,7860.4,2947,3.5,Fastened,26.4,No,TASK-OP1002-0012,Transport,28.5,TAB-1002-A,North Pit - Zone 2,True,v2.3.1
2026-09-15 12:00:00,LDR001,OP1003,2349.3,19418.9,2856,5.9,Fastened,16.8,No,TASK-OP1003-0009,Loading,54.6,TAB-1003-A,South Quarry - Zone 1,True,v2.2.4
2026-09-15 12:00:00,EXC001,OP1004,2283.8,6720.1,4442,3.3,Fastened,20.0,No,TASK-OP1004-0010,Grading,47.3,TAB-1004-A,South Quarry - Zone 2,True,v2.3.1
2026-09-15 12:45:00,EXC001,OP1001,2267.6,6437.4,4402,9.9,Unfastened,13.4,Yes,TASK-OP1001-0012,Transport,40.4,TAB-1001-A,North Pit - Zone 1,True,v2.3.1
2026-09-15 12:45:00,EXC002,OP1002,1383.1,7872.5,2951,3.0,Fastened,13.1,No,TASK-OP1002-0012,Transport,28.5,TAB-1002-A,North Pit - Zone 2,True,v2.3.1
2026-09-15 12:45:00,LDR001,OP1003,2350.4,19439.8,2860,7.0,Fastened,14.7,No,TASK-OP1003-0009,Loading,54.6,TAB-1003-A,South Quarry - Zone 1,True,v2.2.4
2026-09-15 12:45:00,EXC001,OP1004,2284.9,6733.0,4445,2.0,Fastened,25.3,No,TASK-OP1004-0011,Digging,129.5,TAB-1004-A,South Quarry - Zone 2,True,v2.3.1
2026-09-15 13:30:00,EXC001,OP1001,2268.5,6452.0,4404,8.8,Fastened,17.4,No,TASK-OP1001-0012,Transport,40.4,TAB-1001-A,North Pit - Zone 1,True,v2.3.1
2026-09-15 13:30:00,EXC002,OP1002,1384.3,7893.6,2955,9.5,Fastened,21.2,No,TASK-OP1002-0012,Transport,28.5,TAB-1002-A,North Pit - Zone 2,True,v2.3.1
2026-09-15 13:30:00,LDR001,OP1003,2351.2,19452.5,2863,7.6,Fastened,24.1,No,TASK-OP1003-0009,Loading,54.6,TAB-1003-A,South Quarry - Zone 1,True,v2.2.4
2026-09-15 13:30:00,EXC001,OP1004,2285.9,6747.0,4448,9.5,Fastened,16.1,No,TASK-OP1004-0011,Digging,129.5,TAB-1004-A,South Quarry - Zone 2,True,v2.3.1
2026-09-15 14:15:00,EXC001,OP1001,2269.5,6470.5,4407,11.6,Fastened,12.8,No,TASK-OP1001-0012,Transport,40.4,TAB-1001-A,North Pit - Zone 1,True,v2.3.1
2026-09-15 14:15:00,EXC002,OP1002,1385.4,7907.1,2958,7.9,Fastened,20.5,No,TASK-OP1002-0012,Transport,28.5,TAB-1002-A,North Pit - Zone 2,True,v2.3.1
2026-09-15 14:15:00,LDR001,OP1003,2352.3,19468.8,2864,5.7,Fastened,19.6,No,TASK-OP1003-0009,Loading,54.6,TAB-1003-A,South Quarry - Zone 1,True,v2.2.4
2026-09-15 14:15:00,EXC001,OP1004,2287.1,6767.3,4451,0.9,Fastened,23.4,No,TASK-OP1004-0011,Digging,129.5,TAB-1004-A,South Quarry - Zone 2,True,v2.3.1
2026-09-15 15:00:00,EXC001,OP1001,2270.6,6488.5,4410,13.3,Fastened,15.8,No,TASK-OP1001-0013,Digging,67.2,TAB-1001-A,North Pit - Zone 1,True,v2.3.1
2026-09-15 15:00:00,EXC002,OP1002,1386.4,7923.8,2962,6.0,Fastened,14.4,No,TASK-OP1002-0013,Grading,88.6,TAB-1002-A,North Pit - Zone 2,True,v2.3.1
2026-09-15 15:00:00,LDR001,OP1003,2353.4,19489.8,2865,8.1,Fastened,16.4,No,TASK-OP1003-0010,Digging,113.2,TAB-1003-A,South Quarry - Zone 1,True,v2.2.4
2026-09-15 15:00:00,EXC001,OP1004,2288.3,6789.0,4454,5.7,Fastened,23.0,No,TASK-OP1004-0011,Digging,129.5,TAB-1004-A,South Quarry - Zone 2,True,v2.3.1
2026-09-15 15:45:00,EXC001,OP1001,2271.6,6503.5,4414,13.0,Fastened,16.8,No,TASK-OP1001-0013,Digging,67.2,TAB-1001-A,North Pit - Zone 1,True,v2.3.1
2026-09-15 15:45:00,EXC002,OP1002,1387.4,7945.0,2964,6.2,Fastened,15.3,No,TASK-OP1002-0013,Grading,88.6,TAB-1002-A,North Pit - Zone 2,True,v2.3.1
2026-09-15 15:45:00,LDR001,OP1003,2354.2,19505.4,2869,6.7,Fastened,18.1,No,TASK-OP1003-0010,Digging,113.2,TAB-1003-A,South Quarry - Zone 1,True,v2.2.4
2026-09-15 15:45:00,EXC001,OP1004,2289.2,6802.2,4455,1.2,Fastened,15.6,No,TASK-OP1004-0011,Digging,129.5,TAB-1004-A,South Quarry - Zone 2,True,v2.3.1
2026-09-15 16:30:00,EXC001,OP1001,2272.6,6520.4,4415,8.1,Fastened,13.2,No,TASK-OP1001-0013,Digging,67.2,TAB-1001-A,North Pit - Zone 1,True,v2.3.1
2026-09-15 16:30:00,EXC002,OP1002,1388.3,7964.9,2968,8.9,Fastened,17.4,No,TASK-OP1002-0013,Grading,88.6,TAB-1002-A,North Pit - Zone 2,True,v2.3.1
2026-09-15 16:30:00,LDR001,OP1003,2355.2,19523.1,2871,6.3,Fastened,14.9,No,TASK-OP1003-0010,Digging,113.2,TAB-1003-A,South Quarry - Zone 1,True,v2.2.4
2026-09-15 16:30:00,EXC001,OP1004,2290.3,6824.0,4458,6.0,Fastened,18.2,No,TASK-OP1004-0012,Loading,81.6,TAB-1004-A,South Quarry - Zone 2,True,v2.3.1
2026-09-15 17:15:00,EXC001,OP1001,2273.8,6539.7,4418,12.8,Unfastened,16.7,Yes,TASK-OP1001-0013,Digging,67.2,TAB-1001-A,North Pit - Zone 1,True,v2.3.1
2026-09-15 17:15:00,EXC002,OP1002,1389.4,7979.6,2969,3.5,Fastened,16.7,No,TASK-OP1002-0013,Grading,88.6,TAB-1002-A,North Pit - Zone 2,True,v2.3.1
2026-09-15 17:15:00,LDR001,OP1003,2356.0,19543.8,2873,6.1,Fastened,20.0,No,TASK-OP1003-0010,Digging,113.2,TAB-1003-A,South Quarry - Zone 1,True,v2.2.4
2026-09-15 17:15:00,EXC001,OP1004,2291.3,6838.6,4459,4.6,Fastened,20.5,No,TASK-OP1004-0012,Loading,81.6,TAB-1004-A,South Quarry - Zone 2,True,v2.3.1
2026-09-15 18:00:00,EXC001,OP1001,2274.7,6558.4,4419,10.5,Fastened,15.2,No,TASK-OP1001-0013,Digging,67.2,TAB-1001-A,North Pit - Zone 1,True,v2.3.1
2026-09-15 18:00:00,EXC002,OP1002,1390.3,7997.5,2973,7.2,Fastened,15.7,No,TASK-OP1002-0013,Grading,88.6,TAB-1002-A,North Pit - Zone 2,True,v2.3.1
2026-09-15 18:00:00,LDR001,OP1003,2357.0,19558.1,2876,10.4,Fastened,21.8,No,TASK-OP1003-0010,Digging,113.2,TAB-1003-A,South Quarry - Zone 1,True,v2.2.4
2026-09-15 18:00:00,EXC001,OP1004,2292.4,6857.3,4463,2.8,Fastened,17.4,No,TASK-OP1004-0012,Loading,81.6,TAB-1004-A,South Quarry - Zone 2,True,v2.3.1
2026-09-16 06:00:00,EXC001,OP1001,2293.6,6872.6,4465,13.7,Fastened,14.9,No,TASK-OP1001-0014,Digging,134.3,TAB-1001-A,North Pit - Zone 1,True,v2.3.1
2026-09-16 06:00:00,EXC002,OP1002,1391.1,8014.5,2974,0.0,Fastened,17.6,No,TASK-OP1002-0014,Grading,98.9,TAB-1002-A,North Pit - Zone 2,True,v2.3.1
2026-09-16 06:00:00,LDR001,OP1003,2357.9,19577.7,2879,7.7,Fastened,19.2,No,TASK-OP1003-0011,Grading,48.0,TAB-1003-A,South Quarry - Zone 1,True,v2.2.4
2026-09-16 06:00:00,LDR001,OP1004,2374.6,19857.2,2925,6.8,Fastened,17.8,No,TASK-OP1004-0013,Digging,107.5,TAB-1004-A,South Quarry - Zone 2,True,v2.2.4
2026-09-16 06:45:00,EXC001,OP1001,2294.7,6889.2,4468,15.5,Fastened,10.0,No,TASK-OP1001-0014,Digging,134.3,TAB-1001-A,North Pit - Zone 1,True,v2.3.1
2026-09-16 06:45:00,EXC002,OP1002,1392.3,8033.1,2977,2.1,Fastened,20.7,No,TASK-OP1002-0014,Grading,98.9,TAB-1002-A,North Pit - Zone 2,True,v2.3.1
2026-09-16 06:45:00,LDR001,OP1003,2358.8,19591.1,2883,15.2,Fastened,22.5,No,TASK-OP1003-0011,Grading,48.0,TAB-1003-A,South Quarry - Zone 1,True,v2.2.4
2026-09-16 06:45:00,LDR001,OP1004,2375.4,19875.5,2927,5.3,Fastened,14.4,No,TASK-OP1004-0013,Digging,107.5,TAB-1004-A,South Quarry - Zone 2,True,v2.2.4
2026-09-16 07:30:00,EXC001,OP1001,2295.5,6901.7,4469,8.7,Fastened,17.2,No,TASK-OP1001-0014,Digging,134.3,TAB-1001-A,North Pit - Zone 1,True,v2.3.1
2026-09-16 07:30:00,EXC002,OP1002,1393.5,8045.7,2981,7.1,Fastened,14.2,No,TASK-OP1002-0014,Grading,98.9,TAB-1002-A,North Pit - Zone 2,True,v2.3.1
2026-09-16 07:30:00,LDR001,OP1003,2359.9,19612.8,2884,5.6,Fastened,14.2,No,TASK-OP1003-0011,Grading,48.0,TAB-1003-A,South Quarry - Zone 1,True,v2.2.4
2026-09-16 07:30:00,LDR001,OP1004,2376.3,19894.8,2929,4.3,Fastened,21.0,No,TASK-OP1004-0013,Digging,107.5,TAB-1004-A,South Quarry - Zone 2,True,v2.2.4
2026-09-16 08:15:00,EXC001,OP1001,2296.5,6914.7,4471,14.3,Fastened,11.1,No,TASK-OP1001-0014,Digging,134.3,TAB-1001-A,North Pit - Zone 1,True,v2.3.1
2026-09-16 08:15:00,EXC002,OP1002,1394.5,8066.8,2982,4.5,Fastened,13.8,No,TASK-OP1002-0015,Transport,68.0,TAB-1002-A,North Pit - Zone 2,True,v2.3.1
2026-09-16 08:15:00,LDR001,OP1003,2360.8,19629.0,2887,1.2,Fastened,18.8,No,TASK-OP1003-0011,Grading,48.0,TAB-1003-A,South Quarry - Zone 1,True,v2.2.4
2026-09-16 08:15:00,LDR001,OP1004,2377.2,19908.3,2930,7.5,Fastened,14.1,No,TASK-OP1004-0014,Loading,45.4,TAB-1004-A,South Quarry - Zone 2,True,v2.2.4
2026-09-16 09:00:00,EXC001,OP1001,2297.4,6936.2,4475,18.0,Fastened,13.7,No,TASK-OP1001-0014,Digging,134.3,TAB-1001-A,North Pit - Zone 1,True,v2.3.1
2026-09-16 09:00:00,EXC002,OP1002,1395.4,8080.3,2984,5.8,Fastened,21.8,No,TASK-OP1002-0015,Transport,68.0,TAB-1002-A,North Pit - Zone 2,True,v2.3.1
2026-09-16 09:00:00,LDR001,OP1003,2361.7,19644.2,2888,3.7,Fastened,12.3,No,TASK-OP1003-0011,Grading,48.0,TAB-1003-A,South Quarry - Zone 1,True,v2.2.4
2026-09-16 09:00:00,LDR001,OP1004,2378.3,19925.2,2934,6.3,Fastened,21.0,No,TASK-OP1004-0014,Loading,45.4,TAB-1004-A,South Quarry - Zone 2,True,v2.2.4
2026-09-16 09:45:00,EXC001,OP1001,2298.5,6956.5,4479,16.9,Fastened,13.5,No,TASK-OP1001-0015,Loading,83.1,TAB-1001-A,North Pit - Zone 1,True,v2.3.1
2026-09-16 09:45:00,EXC002,OP1002,1396.5,8097.8,2987,3.0,Fastened,20.0,No,TASK-OP1002-0015,Transport,68.0,TAB-1002-A,North Pit - Zone 2,True,v2.3.1
2026-09-16 09:45:00,LDR001,OP1003,2362.7,19662.9,2891,4.1,Fastened,13.7,No,TASK-OP1003-0012,Loading,39.4,TAB-1003-A,South Quarry - Zone 1,True,v2.2.4
2026-09-16 09:45:00,LDR001,OP1004,2379.5,19943.6,2937,1.0,Fastened,20.2,No,TASK-OP1004-0014,Loading,45.4,TAB-1004-A,South Quarry - Zone 2,True,v2.2.4
2026-09-16 10:30:00,EXC001,OP1001,2299.4,6975.4,4481,19.5,Fastened,18.6,No,TASK-OP1001-0015,Loading,83.1,TAB-1001-A,North Pit - Zone 1,True,v2.3.1
2026-09-16 10:30:00,EXC002,OP1002,1397.5,8110.8,2988,4.4,Fastened,14.8,No,TASK-OP1002-0016,Grading,92.6,TAB-1002-A,North Pit - Zone 2,True,v2.3.1
2026-09-16 10:30:00,LDR001,OP1003,2363.7,19681.0,2895,11.1,Fastened,21.5,No,TASK-OP1003-0012,Loading,39.4,TAB-1003-A,South Quarry - Zone 1,True,v2.2.4
2026-09-16 10:30:00,LDR001,OP1004,2380.6,19957.1,2938,4.0,Fastened,20.3,No,TASK-OP1004-0014,Loading,45.4,TAB-1004-A,South Quarry - Zone 2,True,v2.2.4
2026-09-16 11:15:00,EXC001,OP1001,2300.6,6996.0,4482,12.6,Fastened,16.2,No,TASK-OP1001-0015,Loading,83.1,TAB-1001-A,North Pit - Zone 1,True,v2.3.1
2026-09-16 11:15:00,EXC002,OP1002,1398.6,8130.5,2990,5.7,Fastened,13.9,No,TASK-OP1002-0016,Grading,92.6,TAB-1002-A,North Pit - Zone 2,True,v2.3.1
2026-09-16 11:15:00,LDR001,OP1003,2364.8,19694.1,2899,6.0,Fastened,23.9,No,TASK-OP1003-0012,Loading,39.4,TAB-1003-A,South Quarry - Zone 1,True,v2.2.4
2026-09-16 11:15:00,LDR001,OP1004,2381.6,19972.6,2939,3.7,Fastened,10.8,No,TASK-OP1004-0015,Grading,128.6,TAB-1004-A,South Quarry - Zone 2,True,v2.2.4
2026-09-16 12:00:00,EXC001,OP1001,2301.8,7011.6,4486,15.3,Fastened,17.4,No,TASK-OP1001-0016,Grading,102.2,TAB-1001-A,North Pit - Zone 1,True,v2.3.1
2026-09-16 12:00:00,EXC002,OP1002,1399.8,8146.6,2994,4.3,Fastened,13.2,No,TASK-OP1002-0016,Grading,92.6,TAB-1002-A,North Pit - Zone 2,True,v2.3.1
2026-09-16 12:00:00,LDR001,OP1003,2365.9,19712.0,2902,6.2,Fastened,14.6,No,TASK-OP1003-0012,Loading,39.4,TAB-1003-A,South Quarry - Zone 1,True,v2.2.4
2026-09-16 12:00:00,LDR001,OP1004,2382.6,19985.2,2942,1.1,Fastened,18.2,No,TASK-OP1004-0015,Grading,128.6,TAB-1004-A,South Quarry - Zone 2,True,v2.2.4
2026-09-16 12:45:00,EXC001,OP1001,2303.0,7033.1,4490,10.4,Unfastened,15.4,Yes,TASK-OP1001-0016,Grading,102.2,TAB-1001-A,North Pit - Zone 1,True,v2.3.1
2026-09-16 12:45:00,EXC002,OP1002,1400.9,8161.7,2997,11.9,Fastened,18.1,No,TASK-OP1002-0016,Grading,92.6,TAB-1002-A,North Pit - Zone 2,True,v2.3.1
2026-09-16 12:45:00,LDR001,OP1003,2366.7,19726.0,2904,10.6,Fastened,20.2,No,TASK-OP1003-0013,Transport,88.9,TAB-1003-A,South Quarry - Zone 1,True,v2.2.4
2026-09-16 12:45:00,LDR001,OP1004,2383.7,20005.8,2946,6.8,Fastened,14.4,No,TASK-OP1004-0015,Grading,128.6,TAB-1004-A,South Quarry - Zone 2,True,v2.2.4
2026-09-16 13:30:00,EXC001,OP1001,2303.9,7051.5,4491,16.5,Unfastened,8.1,Yes,TASK-OP1001-0016,Grading,102.2,TAB-1001-A,North Pit - Zone 1,True,v2.3.1
2026-09-16 13:30:00,EXC002,OP1002,1401.8,8175.2,3001,3.9,Fastened,18.9,No,TASK-OP1002-0016,Grading,92.6,TAB-1002-A,North Pit - Zone 2,True,v2.3.1
2026-09-16 13:30:00,LDR001,OP1003,2367.8,19740.9,2905,2.9,Unfastened,17.2,Yes,TASK-OP1003-0013,Transport,88.9,TAB-1003-A,South Quarry - Zone 1,True,v2.2.4
2026-09-16 13:30:00,LDR001,OP1004,2384.7,20025.7,2947,7.9,Fastened,11.4,No,TASK-OP1004-0015,Grading,128.6,TAB-1004-A,South Quarry - Zone 2,True,v2.2.4
2026-09-16 14:15:00,EXC001,OP1001,2304.8,7073.4,4493,9.8,Unfastened,7.2,Yes,TASK-OP1001-0016,Grading,102.2,TAB-1001-A,North Pit - Zone 1,True,v2.3.1
2026-09-16 14:15:00,EXC002,OP1002,1402.9,8188.1,3002,5.7,Fastened,17.1,No,TASK-OP1002-0016,Grading,92.6,TAB-1002-A,North Pit - Zone 2,True,v2.3.1
2026-09-16 14:15:00,LDR001,OP1003,2368.9,19754.7,2909,3.4,Fastened,12.5,No,TASK-OP1003-0013,Transport,88.9,TAB-1003-A,South Quarry - Zone 1,True,v2.2.4
2026-09-16 14:15:00,LDR001,OP1004,2385.8,20044.2,2950,5.8,Fastened,13.2,No,TASK-OP1004-0015,Grading,128.6,TAB-1004-A,South Quarry - Zone 2,True,v2.2.4
2026-09-16 15:00:00,EXC001,OP1001,2305.9,7087.7,4495,12.5,Fastened,15.5,No,TASK-OP1001-0017,Loading,65.2,TAB-1001-A,North Pit - Zone 1,True,v2.3.1
2026-09-16 15:00:00,EXC002,OP1002,1403.9,8206.0,3005,7.8,Fastened,21.0,No,TASK-OP1002-0017,Grading,130.2,TAB-1002-A,North Pit - Zone 2,True,v2.3.1
2026-09-16 15:00:00,LDR001,OP1003,2369.8,19772.3,2912,8.8,Fastened,25.6,No,TASK-OP1003-0013,Transport,88.9,TAB-1003-A,South Quarry - Zone 1,True,v2.2.4
2026-09-16 15:00:00,LDR001,OP1004,2386.8,20065.8,2954,4.0,Fastened,18.2,No,TASK-OP1004-0015,Grading,128.6,TAB-1004-A,South Quarry - Zone 2,True,v2.2.4
2026-09-16 15:45:00,EXC001,OP1001,2306.9,7102.5,4497,17.8,Fastened,13.6,No,TASK-OP1001-0017,Loading,65.2,TAB-1001-A,North Pit - Zone 1,True,v2.3.1
2026-09-16 15:45:00,EXC002,OP1002,1404.9,8226.7,3009,4.4,Fastened,15.7,No,TASK-OP1002-0017,Grading,130.2,TAB-1002-A,North Pit - Zone 2,True,v2.3.1
2026-09-16 15:45:00,LDR001,OP1003,2370.9,19784.7,2913,1.8,Fastened,20.3,No,TASK-OP1003-0013,Transport,88.9,TAB-1003-A,South Quarry - Zone 1,True,v2.2.4
2026-09-16 15:45:00,LDR001,OP1004,2387.6,20084.3,2955,3.4,Fastened,16.5,No,TASK-OP1004-0016,Grading,148.2,TAB-1004-A,South Quarry - Zone 2,True,v2.2.4
2026-09-16 16:30:00,EXC001,OP1001,2307.9,7122.5,4498,18.2,Fastened,9.2,No,TASK-OP1001-0017,Loading,65.2,TAB-1001-A,North Pit - Zone 1,True,v2.3.1
2026-09-16 16:30:00,EXC002,OP1002,1406.0,8248.4,3012,5.2,Fastened,8.8,No,TASK-OP1002-0017,Grading,130.2,TAB-1002-A,North Pit - Zone 2,True,v2.3.1
2026-09-16 16:30:00,LDR001,OP1003,2371.7,19799.8,2917,4.0,Fastened,16.1,No,TASK-OP1003-0013,Transport,88.9,TAB-1003-A,South Quarry - Zone 1,True,v2.2.4
2026-09-16 16:30:00,LDR001,OP1004,2388.6,20100.7,2957,9.0,Fastened,15.7,No,TASK-OP1004-0016,Grading,148.2,TAB-1004-A,South Quarry - Zone 2,True,v2.2.4
2026-09-16 17:15:00,EXC001,OP1001,2308.7,7134.6,4500,8.2,Fastened,13.2,No,TASK-OP1001-0017,Loading,65.2,TAB-1001-A,North Pit - Zone 1,True,v2.3.1
2026-09-16 17:15:00,EXC002,OP1002,1407.0,8262.5,3016,1.5,Fastened,23.5,No,TASK-OP1002-0017,Grading,130.2,TAB-1002-A,North Pit - Zone 2,True,v2.3.1
2026-09-16 17:15:00,LDR001,OP1003,2372.7,19821.5,2919,4.2,Fastened,14.5,No,TASK-OP1003-0014,Transport,40.3,TAB-1003-A,South Quarry - Zone 1,True,v2.2.4
2026-09-16 17:15:00,LDR001,OP1004,2389.8,20116.6,2960,8.5,Fastened,13.5,No,TASK-OP1004-0016,Grading,148.2,TAB-1004-A,South Quarry - Zone 2,True,v2.2.4
2026-09-16 18:00:00,EXC001,OP1001,2309.5,7149.3,4502,14.5,Fastened,13.2,No,TASK-OP1001-0017,Loading,65.2,TAB-1001-A,North Pit - Zone 1,True,v2.3.1
2026-09-16 18:00:00,EXC002,OP1002,1407.8,8283.0,3019,10.9,Fastened,17.0,No,TASK-OP1002-0017,Grading,130.2,TAB-1002-A,North Pit - Zone 2,True,v2.3.1
2026-09-16 18:00:00,LDR001,OP1003,2373.7,19841.8,2922,6.1,Fastened,14.7,No,TASK-OP1003-0014,Transport,40.3,TAB-1003-A,South Quarry - Zone 1,True,v2.2.4
2026-09-16 18:00:00,LDR001,OP1004,2390.6,20134.9,2963,7.6,Fastened,23.8,No,TASK-OP1004-0016,Grading,148.2,TAB-1004-A,South Quarry - Zone 2,True,v2.2.4
2026-09-17 06:00:00,EXC001,OP1001,2310.5,7162.7,4505,8.7,Fastened,9.4,No,TASK-OP1001-0018,Loading,50.0,TAB-1001-A,North Pit - Zone 1,True,v2.3.1
2026-09-17 06:00:00,EXC002,OP1002,1408.7,8299.4,3021,1.6,Fastened,22.6,No,TASK-OP1002-0018,Transport,83.4,TAB-1002-A,North Pit - Zone 2,True,v2.3.1
2026-09-17 06:00:00,LDR001,OP1003,2391.5,20154.8,2964,6.8,Fastened,13.5,No,TASK-OP1003-0015,Transport,22.6,TAB-1003-A,South Quarry - Zone 1,True,v2.2.4
2026-09-17 06:00:00,EXC001,OP1004,2328.3,7453.3,4552,0.0,Fastened,17.8,No,TASK-OP1004-0017,Transport,56.2,TAB-1004-A,South Quarry - Zone 2,True,v2.3.1
2026-09-17 06:45:00,EXC001,OP1001,2311.6,7181.3,4507,17.8,Fastened,11.2,No,TASK-OP1001-0018,Loading,50.0,TAB-1001-A,North Pit - Zone 1,True,v2.3.1
2026-09-17 06:45:00,EXC002,OP1002,1409.9,8320.7,3025,7.0,Fastened,16.3,No,TASK-OP1002-0018,Transport,83.4,TAB-1002-A,North Pit - Zone 2,True,v2.3.1
2026-09-17 06:45:00,LDR001,OP1003,2392.4,20170.8,2968,13.3,Fastened,18.5,No,TASK-OP1003-0015,Transport,22.6,TAB-1003-A,South Quarry - Zone 1,True,v2.2.4
2026-09-17 06:45:00,EXC001,OP1004,2329.2,7471.4,4556,5.3,Fastened,20.8,No,TASK-OP1004-0017,Transport,56.2,TAB-1004-A,South Quarry - Zone 2,True,v2.3.1
2026-09-17 07:30:00,EXC001,OP1001,2312.8,7196.4,4511,17.2,Fastened,10.0,No,TASK-OP1001-0018,Loading,50.0,TAB-1001-A,North Pit - Zone 1,True,v2.3.1
2026-09-17 07:30:00,EXC002,OP1002,1410.9,8335.1,3026,7.9,Fastened,27.1,No,TASK-OP1002-0018,Transport,83.4,TAB-1002-A,North Pit - Zone 2,True,v2.3.1
2026-09-17 07:30:00,LDR001,OP1003,2393.5,20184.7,2971,6.3,Fastened,20.9,No,TASK-OP1003-0015,Transport,22.6,TAB-1003-A,South Quarry - Zone 1,True,v2.2.4
2026-09-17 07:30:00,EXC001,OP1004,2330.1,7484.1,4558,11.5,Fastened,22.5,No,TASK-OP1004-0017,Transport,56.2,TAB-1004-A,South Quarry - Zone 2,True,v2.3.1
2026-09-17 08:15:00,EXC001,OP1001,2313.9,7216.7,4512,16.4,Fastened,11.3,No,TASK-OP1001-0019,Grading,130.4,TAB-1001-A,North Pit - Zone 1,True,v2.3.1
2026-09-17 08:15:00,EXC002,OP1002,1411.7,8354.2,3029,6.5,Fastened,19.0,No,TASK-OP1002-0019,Digging,98.2,TAB-1002-A,North Pit - Zone 2,True,v2.3.1
2026-09-17 08:15:00,LDR001,OP1003,2394.3,20203.3,2974,7.4,Fastened,18.9,No,TASK-OP1003-0015,Transport,22.6,TAB-1003-A,South Quarry - Zone 1,True,v2.2.4
2026-09-17 08:15:00,EXC001,OP1004,2331.1,7497.0,4561,5.2,Fastened,13.6,No,TASK-OP1004-0017,Transport,56.2,TAB-1004-A,South Quarry - Zone 2,True,v2.3.1
2026-09-17 09:00:00,EXC001,OP1001,2314.9,7232.3,4515,19.6,Fastened,12.5,No,TASK-OP1001-0019,Grading,130.4,TAB-1001-A,North Pit - Zone 1,True,v2.3.1
2026-09-17 09:00:00,EXC002,OP1002,1412.6,8369.1,3033,4.6,Fastened,14.6,No,TASK-OP1002-0019,Digging,98.2,TAB-1002-A,North Pit - Zone 2,True,v2.3.1
2026-09-17 09:00:00,LDR001,OP1003,2395.2,20224.2,2978,3.6,Fastened,19.9,No,TASK-OP1003-0015,Transport,22.6,TAB-1003-A,South Quarry - Zone 1,True,v2.2.4
2026-09-17 09:00:00,EXC001,OP1004,2332.2,7514.5,4564,13.7,Fastened,18.2,No,TASK-OP1004-0017,Transport,56.2,TAB-1004-A,South Quarry - Zone 2,True,v2.3.1
2026-09-17 09:45:00,EXC001,OP1001,2316.1,7247.7,4519,17.1,Unfastened,10.5,Yes,TASK-OP1001-0019,Grading,130.4,TAB-1001-A,North Pit - Zone 1,True,v2.3.1
2026-09-17 09:45:00,EXC002,OP1002,1413.5,8388.2,3037,8.5,Fastened,14.6,No,TASK-OP1002-0019,Digging,98.2,TAB-1002-A,North Pit - Zone 2,True,v2.3.1
2026-09-17 09:45:00,LDR001,OP1003,2396.2,20245.9,2982,11.6,Fastened,23.4,No,TASK-OP1003-0015,Transport,22.6,TAB-1003-A,South Quarry - Zone 1,True,v2.2.4
2026-09-17 09:45:00,EXC001,OP1004,2333.4,7532.9,4567,6.0,Fastened,17.9,No,TASK-OP1004-0018,Loading,72.7,TAB-1004-A,South Quarry - Zone 2,True,v2.3.1
2026-09-17 10:30:00,EXC001,OP1001,2317.3,7261.2,4522,14.6,Fastened,10.5,No,TASK-OP1001-0019,Grading,130.4,TAB-1001-A,North Pit - Zone 1,True,v2.3.1
2026-09-17 10:30:00,EXC002,OP1002,1414.7,8400.4,3039,6.2,Fastened,16.1,No,TASK-OP1002-0019,Digging,98.2,TAB-1002-A,North Pit - Zone 2,True,v2.3.1
2026-09-17 10:30:00,LDR001,OP1003,2397.2,20265.9,2986,10.8,Fastened,16.0,No,TASK-OP1003-0016,Grading,142.1,TAB-1003-A,South Quarry - Zone 1,True,v2.2.4
2026-09-17 10:30:00,EXC001,OP1004,2334.2,7546.9,4569,6.6,Fastened,17.4,No,TASK-OP1004-0018,Loading,72.7,TAB-1004-A,South Quarry - Zone 2,True,v2.3.1
2026-09-17 11:15:00,EXC001,OP1001,2318.1,7280.9,4523,17.3,Fastened,10.5,No,TASK-OP1001-0019,Grading,130.4,TAB-1001-A,North Pit - Zone 1,True,v2.3.1
2026-09-17 11:15:00,EXC002,OP1002,1415.7,8419.7,3043,7.4,Fastened,19.3,No,TASK-OP1002-0019,Digging,98.2,TAB-1002-A,North Pit - Zone 2,True,v2.3.1
2026-09-17 11:15:00,LDR001,OP1003,2398.2,20286.1,2989,3.0,Fastened,17.5,No,TASK-OP1003-0016,Grading,142.1,TAB-1003-A,South Quarry - Zone 1,True,v2.2.4
2026-09-17 11:15:00,EXC001,OP1004,2335.2,7562.5,4572,4.3,Fastened,15.8,No,TASK-OP1004-0018,Loading,72.7,TAB-1004-A,South Quarry - Zone 2,True,v2.3.1
2026-09-17 12:00:00,EXC001,OP1001,2319.3,7299.1,4527,17.0,Unfastened,18.0,Yes,TASK-OP1001-0019,Grading,130.4,TAB-1001-A,North Pit - Zone 1,True,v2.3.1
2026-09-17 12:00:00,EXC002,OP1002,1416.5,8434.1,3047,9.1,Fastened,16.0,No,TASK-OP1002-0020,Grading,70.0,TAB-1002-A,North Pit - Zone 2,True,v2.3.1
2026-09-17 12:00:00,LDR001,OP1003,2399.0,20304.7,2992,6.2,Fastened,22.4,No,TASK-OP1003-0016,Grading,142.1,TAB-1003-A,South Quarry - Zone 1,True,v2.2.4
2026-09-17 12:00:00,EXC001,OP1004,2336.4,7575.8,4573,5.9,Fastened,15.8,No,TASK-OP1004-0018,Loading,72.7,TAB-1004-A,South Quarry - Zone 2,True,v2.3.1
2026-09-17 12:45:00,EXC001,OP1001,2320.4,7319.2,4529,18.7,Fastened,10.8,No,TASK-OP1001-0020,Loading,79.9,TAB-1001-A,North Pit - Zone 1,True,v2.3.1
2026-09-17 12:45:00,EXC002,OP1002,1417.6,8451.1,3048,5.2,Fastened,14.1,No,TASK-OP1002-0020,Grading,70.0,TAB-1002-A,North Pit - Zone 2,True,v2.3.1
2026-09-17 12:45:00,LDR001,OP1003,2400.1,20318.4,2996,0.9,Fastened,24.1,No,TASK-OP1003-0016,Grading,142.1,TAB-1003-A,South Quarry - Zone 1,True,v2.2.4
2026-09-17 12:45:00,EXC001,OP1004,2337.5,7593.1,4577,3.9,Fastened,18.4,No,TASK-OP1004-0019,Transport,90.0,TAB-1004-A,South Quarry - Zone 2,True,v2.3.1
2026-09-17 13:30:00,EXC001,OP1001,2321.2,7334.8,4531,19.7,Fastened,10.6,No,TASK-OP1001-0020,Loading,79.9,TAB-1001-A,North Pit - Zone 1,True,v2.3.1
2026-09-17 13:30:00,EXC002,OP1002,1418.6,8470.3,3051,4.7,Fastened,19.5,No,TASK-OP1002-0020,Grading,70.0,TAB-1002-A,North Pit - Zone 2,True,v2.3.1
2026-09-17 13:30:00,LDR001,OP1003,2401.3,20336.5,3000,5.5,Fastened,16.3,No,TASK-OP1003-0017,Digging,147.2,TAB-1003-A,South Quarry - Zone 1,True,v2.2.4
2026-09-17 13:30:00,EXC001,OP1004,2338.3,7614.8,4578,5.2,Fastened,24.0,No,TASK-OP1004-0019,Transport,90.0,TAB-1004-A,South Quarry - Zone 2,True,v2.3.1
2026-09-17 14:15:00,EXC001,OP1001,2322.2,7354.3,4535,10.0,Unfastened,8.8,Yes,TASK-OP1001-0020,Loading,79.9,TAB-1001-A,North Pit - Zone 1,True,v2.3.1
2026-09-17 14:15:00,EXC002,OP1002,1419.6,8488.9,3052,8.3,Fastened,14.3,No,TASK-OP1002-0021,Grading,70.3,TAB-1002-A,North Pit - Zone 2,True,v2.3.1
2026-09-17 14:15:00,LDR001,OP1003,2402.5,20358.0,3001,3.0,Fastened,11.4,No,TASK-OP1003-0017,Digging,147.2,TAB-1003-A,South Quarry - Zone 1,True,v2.2.4
2026-09-17 14:15:00,EXC001,OP1004,2339.4,7630.2,4580,0.0,Fastened,22.4,No,TASK-OP1004-0019,Transport,90.0,TAB-1004-A,South Quarry - Zone 2,True,v2.3.1
2026-09-17 15:00:00,EXC001,OP1001,2323.1,7376.0,4539,10.5,Fastened,10.7,No,TASK-OP1001-0020,Loading,79.9,TAB-1001-A,North Pit - Zone 1,True,v2.3.1
2026-09-17 15:00:00,EXC002,OP1002,1420.5,8510.4,3053,8.6,Fastened,23.4,No,TASK-OP1002-0021,Grading,70.3,TAB-1002-A,North Pit - Zone 2,True,v2.3.1
2026-09-17 15:00:00,LDR001,OP1003,2403.5,20375.1,3003,8.5,Fastened,18.3,No,TASK-OP1003-0017,Digging,147.2,TAB-1003-A,South Quarry - Zone 1,True,v2.2.4
2026-09-17 15:00:00,EXC001,OP1004,2340.6,7642.8,4581,9.7,Fastened,9.7,No,TASK-OP1004-0020,Loading,56.0,TAB-1004-A,South Quarry - Zone 2,True,v2.3.1
2026-09-17 15:45:00,EXC001,OP1001,2324.0,7394.8,4543,16.2,Fastened,16.8,No,TASK-OP1001-0020,Loading,79.9,TAB-1001-A,North Pit - Zone 1,True,v2.3.1
2026-09-17 15:45:00,EXC002,OP1002,1421.5,8528.8,3056,7.2,Fastened,25.5,No,TASK-OP1002-0021,Grading,70.3,TAB-1002-A,North Pit - Zone 2,True,v2.3.1
2026-09-17 15:45:00,LDR001,OP1003,2404.4,20393.2,3007,2.1,Fastened,12.8,No,TASK-OP1003-0017,Digging,147.2,TAB-1003-A,South Quarry - Zone 1,True,v2.2.4
2026-09-17 15:45:00,EXC001,OP1004,2341.5,7656.4,4583,5.0,Fastened,16.5,No,TASK-OP1004-0020,Loading,56.0,TAB-1004-A,South Quarry - Zone 2,True,v2.3.1
2026-09-17 16:30:00,EXC001,OP1001,2325.0,7411.0,4545,17.1,Fastened,11.1,No,TASK-OP1001-0021,Grading,126.7,TAB-1001-A,North Pit - Zone 1,True,v2.3.1
2026-09-17 16:30:00,EXC002,OP1002,1422.3,8548.7,3059,3.7,Fastened,13.0,No,TASK-OP1002-0021,Grading,70.3,TAB-1002-A,North Pit - Zone 2,True,v2.3.1
2026-09-17 16:30:00,LDR001,OP1003,2405.5,20408.8,3008,5.0,Fastened,24.7,No,TASK-OP1003-0018,Digging,88.3,TAB-1003-A,South Quarry - Zone 1,True,v2.2.4
2026-09-17 16:30:00,EXC001,OP1004,2342.7,7677.3,4584,1.8,Fastened,14.9,No,TASK-OP1004-0020,Loading,56.0,TAB-1004-A,South Quarry - Zone 2,True,v2.3.1
2026-09-17 17:15:00,EXC001,OP1001,2326.1,7424.4,4548,18.6,Unfastened,5.1,Yes,TASK-OP1001-0021,Grading,126.7,TAB-1001-A,North Pit - Zone 1,True,v2.3.1
2026-09-17 17:15:00,EXC002,OP1002,1423.4,8564.0,3060,0.7,Fastened,24.0,No,TASK-OP1002-0022,Digging,152.6,TAB-1002-A,North Pit - Zone 2,True,v2.3.1
2026-09-17 17:15:00,LDR001,OP1003,2406.6,20430.3,3011,5.2,Fastened,12.0,No,TASK-OP1003-0018,Digging,88.3,TAB-1003-A,South Quarry - Zone 1,True,v2.2.4
2026-09-17 17:15:00,EXC001,OP1004,2343.6,7694.6,4586,2.7,Fastened,25.0,No,TASK-OP1004-0021,Grading,58.1,TAB-1004-A,South Quarry - Zone 2,True,v2.3.1
2026-09-17 18:00:00,EXC001,OP1001,2327.1,7440.1,4549,16.8,Fastened,14.1,No,TASK-OP1001-0021,Grading,126.7,TAB-1001-A,North Pit - Zone 1,True,v2.3.1
2026-09-17 18:00:00,EXC002,OP1002,1424.3,8582.4,3064,8.0,Fastened,17.8,No,TASK-OP1002-0022,Digging,152.6,TAB-1002-A,North Pit - Zone 2,True,v2.3.1
2026-09-17 18:00:00,LDR001,OP1003,2407.4,20443.7,3014,5.3,Fastened,16.9,No,TASK-OP1003-0018,Digging,88.3,TAB-1003-A,South Quarry - Zone 1,True,v2.2.4
2026-09-17 18:00:00,EXC001,OP1004,2344.6,7708.3,4589,8.8,Fastened,23.1,No,TASK-OP1004-0021,Grading,58.1,TAB-1004-A,South Quarry - Zone 2,True,v2.3.1
2026-09-18 06:00:00,EXC001,OP1001,2345.6,7726.7,4593,21.1,Fastened,6.8,No,TASK-OP1001-0022,Loading,76.0,TAB-1001-A,North Pit - Zone 1,True,v2.3.1
2026-09-18 06:00:00,EXC002,OP1002,1425.3,8599.4,3065,5.9,Fastened,22.4,No,TASK-OP1002-0023,Loading,41.9,TAB-1002-A,North Pit - Zone 2,True,v2.3.1
2026-09-18 06:00:00,LDR001,OP1003,2408.4,20459.2,3016,4.2,Fastened,12.4,No,TASK-OP1003-0019,Transport,82.7,TAB-1003-A,South Quarry - Zone 1,True,v2.2.4
2026-09-18 06:00:00,LDR001,OP1004,2425.4,20755.2,3059,7.1,Fastened,20.4,No,TASK-OP1004-0022,Transport,77.9,TAB-1004-A,South Quarry - Zone 2,True,v2.2.4
2026-09-18 06:45:00,EXC001,OP1001,2346.6,7745.1,4596,17.3,Fastened,11.7,No,TASK-OP1001-0022,Loading,76.0,TAB-1001-A,North Pit - Zone 1,True,v2.3.1
2026-09-18 06:45:00,EXC002,OP1002,1426.4,8619.4,3069,6.3,Fastened,18.6,No,TASK-OP1002-0023,Loading,41.9,TAB-1002-A,North Pit - Zone 2,True,v2.3.1
2026-09-18 06:45:00,LDR001,OP1003,2409.3,20478.3,3019,3.2,Fastened,12.6,No,TASK-OP1003-0019,Transport,82.7,TAB-1003-A,South Quarry - Zone 1,True,v2.2.4
2026-09-18 06:45:00,LDR001,OP1004,2426.3,20770.4,3061,7.7,Unfastened,22.3,Yes,TASK-OP1004-0022,Transport,77.9,TAB-1004-A,South Quarry - Zone 2,True,v2.2.4
2026-09-18 07:30:00,EXC001,OP1001,2347.7,7763.9,4599,15.2,Fastened,12.4,No,TASK-OP1001-0022,Loading,76.0,TAB-1001-A,North Pit - Zone 1,True,v2.3.1
2026-09-18 07:30:00,EXC002,OP1002,1427.6,8632.8,3072,4.9,Fastened,17.8,No,TASK-OP1002-0023,Loading,41.9,TAB-1002-A,North Pit - Zone 2,True,v2.3.1
2026-09-18 07:30:00,LDR001,OP1003,2410.4,20497.8,3021,3.1,Fastened,22.2,No,TASK-OP1003-0019,Transport,82.7,TAB-1003-A,South Quarry - Zone 1,True,v2.2.4
2026-09-18 07:30:00,LDR001,OP1004,2427.3,20786.9,3064,8.5,Fastened,19.8,No,TASK-OP1004-0022,Transport,77.9,TAB-1004-A,South Quarry - Zone 2,True,v2.2.4
2026-09-18 08:15:00,EXC001,OP1001,2348.7,7780.5,4602,18.2,Fastened,9.1,No,TASK-OP1001-0023,Digging,79.0,TAB-1001-A,North Pit - Zone 1,True,v2.3.1
2026-09-18 08:15:00,EXC002,OP1002,1428.8,8652.2,3075,6.9,Fastened,11.2,No,TASK-OP1002-0023,Loading,41.9,TAB-1002-A,North Pit - Zone 2,True,v2.3.1
2026-09-18 08:15:00,LDR001,OP1003,2411.4,20519.1,3024,3.2,Fastened,28.5,No,TASK-OP1003-0019,Transport,82.7,TAB-1003-A,South Quarry - Zone 1,True,v2.2.4
2026-09-18 08:15:00,LDR001,OP1004,2428.2,20806.1,3065,5.8,Fastened,11.4,No,TASK-OP1004-0022,Transport,77.9,TAB-1004-A,South Quarry - Zone 2,True,v2.2.4
2026-09-18 09:00:00,EXC001,OP1001,2349.6,7799.7,4605,21.0,Fastened,11.6,No,TASK-OP1001-0023,Digging,79.0,TAB-1001-A,North Pit - Zone 1,True,v2.3.1
2026-09-18 09:00:00,EXC002,OP1002,1429.8,8669.3,3079,2.0,Fastened,21.0,No,TASK-OP1002-0023,Loading,41.9,TAB-1002-A,North Pit - Zone 2,True,v2.3.1
2026-09-18 09:00:00,LDR001,OP1003,2412.4,20537.0,3026,7.5,Fastened,18.7,No,TASK-OP1003-0019,Transport,82.7,TAB-1003-A,South Quarry - Zone 1,True,v2.2.4
2026-09-18 09:00:00,LDR001,OP1004,2429.1,20820.5,3066,7.3,Fastened,18.8,No,TASK-OP1004-0022,Transport,77.9,TAB-1004-A,South Quarry - Zone 2,True,v2.2.4
2026-09-18 09:45:00,EXC001,OP1001,2350.5,7815.4,4606,17.8,Unfastened,13.7,Yes,TASK-OP1001-0023,Digging,79.0,TAB-1001-A,North Pit - Zone 1,True,v2.3.1
2026-09-18 09:45:00,EXC002,OP1002,1430.7,8689.5,3082,6.5,Fastened,17.3,No,TASK-OP1002-0023,Loading,41.9,TAB-1002-A,North Pit - Zone 2,True,v2.3.1
2026-09-18 09:45:00,LDR001,OP1003,2413.2,20553.1,3030,3.4,Fastened,20.8,No,TASK-OP1003-0020,Loading,68.3,TAB-1003-A,South Quarry - Zone 1,True,v2.2.4
2026-09-18 09:45:00,LDR001,OP1004,2430.1,20841.5,3069,6.8,Fastened,12.9,No,TASK-OP1004-0023,Loading,54.3,TAB-1004-A,South Quarry - Zone 2,True,v2.2.4
2026-09-18 10:30:00,EXC001,OP1001,2351.5,7828.8,4607,15.6,Unfastened,12.1,Yes,TASK-OP1001-0024,Transport,28.6,TAB-1001-A,North Pit - Zone 1,True,v2.3.1
2026-09-18 10:30:00,EXC002,OP1002,1431.7,8709.5,3083,6.1,Fastened,19.4,No,TASK-OP1002-0024,Digging,177.6,TAB-1002-A,North Pit - Zone 2,True,v2.3.1
2026-09-18 10:30:00,LDR001,OP1003,2414.3,20565.2,3032,4.3,Fastened,18.5,No,TASK-OP1003-0020,Loading,68.3,TAB-1003-A,South Quarry - Zone 1,True,v2.2.4
2026-09-18 10:30:00,LDR001,OP1004,2431.2,20862.9,3072,2.8,Fastened,22.2,No,TASK-OP1004-0023,Loading,54.3,TAB-1004-A,South Quarry - Zone 2,True,v2.2.4
2026-09-18 11:15:00,EXC001,OP1001,2352.5,7847.0,4609,20.7,Fastened,9.3,No,TASK-OP1001-0024,Transport,28.6,TAB-1001-A,North Pit - Zone 1,True,v2.3.1
2026-09-18 11:15:00,EXC002,OP1002,1432.6,8728.1,3085,4.4,Fastened,14.9,No,TASK-OP1002-0024,Digging,177.6,TAB-1002-A,North Pit - Zone 2,True,v2.3.1
2026-09-18 11:15:00,LDR001,OP1003,2415.5,20586.0,3036,13.7,Fastened,17.6,No,TASK-OP1003-0020,Loading,68.3,TAB-1003-A,South Quarry - Zone 1,True,v2.2.4
2026-09-18 11:15:00,LDR001,OP1004,2432.1,20876.2,3074,5.9,Fastened,20.7,No,TASK-OP1004-0023,Loading,54.3,TAB-1004-A,South Quarry - Zone 2,True,v2.2.4
2026-09-18 12:00:00,EXC001,OP1001,2353.7,7867.1,4612,19.9,Unfastened,6.5,Yes,TASK-OP1001-0024,Transport,28.6,TAB-1001-A,North Pit - Zone 1,True,v2.3.1
2026-09-18 12:00:00,EXC002,OP1002,1283.6,8741.8,3089,6.6,Fastened,-8.4,Yes,TASK-OP1002-0024,Digging,177.6,UNKNOWN-DEV-9911,Unregistered - Remote VPN,False,v2.3.1
2026-09-18 12:00:00,LDR001,OP1003,2416.6,20600.9,3039,9.4,Fastened,15.2,No,TASK-OP1003-0020,Loading,68.3,TAB-1003-A,South Quarry - Zone 1,True,v2.2.4
2026-09-18 12:00:00,LDR001,OP1004,2433.3,20891.9,3078,6.1,Fastened,18.1,No,TASK-OP1004-0023,Loading,54.3,TAB-1004-A,South Quarry - Zone 2,True,v2.2.4
2026-09-18 12:45:00,EXC001,OP1001,2354.7,7884.1,4615,21.7,Fastened,9.7,No,TASK-OP1001-0025,Loading,59.9,TAB-1001-A,North Pit - Zone 1,True,v2.3.1
2026-09-18 12:45:00,EXC002,OP1002,1434.7,8754.1,3090,7.2,Fastened,11.2,No,TASK-OP1002-0024,Digging,177.6,TAB-1002-A,North Pit - Zone 2,True,v2.3.1
2026-09-18 12:45:00,LDR001,OP1003,2417.8,20613.8,3041,5.9,Fastened,25.1,No,TASK-OP1003-0020,Loading,68.3,TAB-1003-A,South Quarry - Zone 1,True,v2.2.4
2026-09-18 12:45:00,LDR001,OP1004,2434.4,20912.2,3080,8.8,Fastened,15.9,No,TASK-OP1004-0023,Loading,54.3,TAB-1004-A,South Quarry - Zone 2,True,v2.2.4
2026-09-18 13:30:00,EXC001,OP1001,2355.5,7900.0,4619,17.3,Fastened,13.4,No,TASK-OP1001-0025,Loading,59.9,TAB-1001-A,North Pit - Zone 1,True,v2.3.1
2026-09-18 13:30:00,EXC002,OP1002,1435.7,8770.3,3094,9.1,Fastened,19.9,No,TASK-OP1002-0024,Digging,177.6,TAB-1002-A,North Pit - Zone 2,True,v2.3.1
2026-09-18 13:30:00,LDR001,OP1003,2418.7,20634.6,3043,4.1,Fastened,25.2,No,TASK-OP1003-0021,Digging,169.6,TAB-1003-A,South Quarry - Zone 1,True,v2.2.4
2026-09-18 13:30:00,LDR001,OP1004,2435.4,20927.8,3081,6.3,Fastened,16.2,No,TASK-OP1004-0024,Digging,123.1,TAB-1004-A,South Quarry - Zone 2,True,v2.2.4
2026-09-18 14:15:00,EXC001,OP1001,2356.4,7915.5,4620,16.8,Unfastened,6.0,Yes,TASK-OP1001-0025,Loading,59.9,TAB-1001-A,North Pit - Zone 1,True,v2.3.1
2026-09-18 14:15:00,EXC002,OP1002,1436.7,8787.0,3095,6.8,Fastened,21.9,No,TASK-OP1002-0025,Transport,55.1,TAB-1002-A,North Pit - Zone 2,True,v2.3.1
2026-09-18 14:15:00,LDR001,OP1003,2419.5,20655.0,3047,8.1,Fastened,15.8,No,TASK-OP1003-0021,Digging,169.6,TAB-1003-A,South Quarry - Zone 1,True,v2.2.4
2026-09-18 14:15:00,LDR001,OP1004,2436.4,20944.9,3083,4.7,Fastened,16.8,No,TASK-OP1004-0024,Digging,123.1,TAB-1004-A,South Quarry - Zone 2,True,v2.2.4
2026-09-18 15:00:00,EXC001,OP1001,2357.2,7928.6,4622,14.2,Fastened,12.0,No,TASK-OP1001-0026,Transport,40.0,TAB-1001-A,North Pit - Zone 1,True,v2.3.1
2026-09-18 15:00:00,EXC002,OP1002,1437.7,8804.6,3099,11.0,Fastened,22.1,No,TASK-OP1002-0025,Transport,55.1,TAB-1002-A,North Pit - Zone 2,True,v2.3.1
2026-09-18 15:00:00,LDR001,OP1003,2420.6,20675.7,3050,7.9,Fastened,21.9,No,TASK-OP1003-0021,Digging,169.6,TAB-1003-A,South Quarry - Zone 1,True,v2.2.4
2026-09-18 15:00:00,LDR001,OP1004,2437.5,20961.3,3085,6.7,Fastened,16.1,No,TASK-OP1004-0024,Digging,123.1,TAB-1004-A,South Quarry - Zone 2,True,v2.2.4
2026-09-18 15:45:00,EXC001,OP1001,2358.3,7948.2,4625,15.0,Unfastened,15.5,Yes,TASK-OP1001-0026,Transport,40.0,TAB-1001-A,North Pit - Zone 1,True,v2.3.1
2026-09-18 15:45:00,EXC002,OP1002,1438.6,8818.3,3102,0.5,Fastened,12.9,No,TASK-OP1002-0025,Transport,55.1,TAB-1002-A,North Pit - Zone 2,True,v2.3.1
2026-09-18 15:45:00,LDR001,OP1003,2421.4,20693.4,3051,7.9,Fastened,11.7,No,TASK-OP1003-0021,Digging,169.6,TAB-1003-A,South Quarry - Zone 1,True,v2.2.4
2026-09-18 15:45:00,LDR001,OP1004,2438.5,20982.3,3089,9.8,Fastened,14.4,No,TASK-OP1004-0024,Digging,123.1,TAB-1004-A,South Quarry - Zone 2,True,v2.2.4
2026-09-18 16:30:00,EXC001,OP1001,2359.1,7965.8,4628,12.6,Fastened,15.3,No,TASK-OP1001-0026,Transport,40.0,TAB-1001-A,North Pit - Zone 1,True,v2.3.1
2026-09-18 16:30:00,EXC002,OP1002,1439.7,8839.0,3105,4.1,Fastened,18.1,No,TASK-OP1002-0025,Transport,55.1,TAB-1002-A,North Pit - Zone 2,True,v2.3.1
2026-09-18 16:30:00,LDR001,OP1003,2422.3,20709.9,3055,3.8,Fastened,17.0,No,TASK-OP1003-0021,Digging,169.6,TAB-1003-A,South Quarry - Zone 1,True,v2.2.4
2026-09-18 16:30:00,LDR001,OP1004,2439.5,20999.9,3093,5.4,Fastened,16.2,No,TASK-OP1004-0025,Transport,29.2,TAB-1004-A,South Quarry - Zone 2,True,v2.2.4
2026-09-18 17:15:00,EXC001,OP1001,2359.9,7982.8,4631,19.5,Fastened,9.9,No,TASK-OP1001-0026,Transport,40.0,TAB-1001-A,North Pit - Zone 1,True,v2.3.1
2026-09-18 17:15:00,EXC002,OP1002,1440.6,8853.5,3108,7.6,Fastened,15.1,No,TASK-OP1002-0025,Transport,55.1,TAB-1002-A,North Pit - Zone 2,True,v2.3.1
2026-09-18 17:15:00,LDR001,OP1003,2423.3,20723.8,3056,5.8,Fastened,20.5,No,TASK-OP1003-0022,Loading,81.1,TAB-1003-A,South Quarry - Zone 1,True,v2.2.4
2026-09-18 17:15:00,LDR001,OP1004,2440.4,21012.1,3096,10.3,Fastened,18.8,No,TASK-OP1004-0025,Transport,29.2,TAB-1004-A,South Quarry - Zone 2,True,v2.2.4
2026-09-18 18:00:00,EXC001,OP1001,2360.9,8000.9,4633,17.3,Fastened,11.4,No,TASK-OP1001-0026,Transport,40.0,TAB-1001-A,North Pit - Zone 1,True,v2.3.1
2026-09-18 18:00:00,EXC002,OP1002,1441.7,8872.4,3112,6.6,Fastened,15.0,No,TASK-OP1002-0026,Grading,126.0,TAB-1002-A,North Pit - Zone 2,True,v2.3.1
2026-09-18 18:00:00,LDR001,OP1003,2424.4,20742.3,3058,6.5,Unfastened,12.7,Yes,TASK-OP1003-0022,Loading,81.1,TAB-1003-A,South Quarry - Zone 1,True,v2.2.4
2026-09-18 18:00:00,LDR001,OP1004,2441.5,21029.9,3097,9.1,Fastened,12.1,No,TASK-OP1004-0025,Transport,29.2,TAB-1004-A,South Quarry - Zone 2,True,v2.2.4
2026-09-19 06:00:00,EXC001,OP1001,2362.0,8020.6,4637,22.5,Unfastened,11.3,Yes,TASK-OP1001-0027,Grading,87.9,TAB-1001-A,North Pit - Zone 1,True,v2.3.1
2026-09-19 06:00:00,EXC002,OP1002,1442.7,8885.7,3114,4.1,Fastened,15.8,No,TASK-OP1002-0027,Transport,87.7,TAB-1002-A,North Pit - Zone 2,True,v2.3.1
2026-09-19 06:00:00,LDR001,OP1003,2442.4,21049.0,3098,8.0,Fastened,25.4,No,TASK-OP1003-0023,Loading,80.6,TAB-1003-A,South Quarry - Zone 1,True,v2.2.4
2026-09-19 06:00:00,EXC001,OP1004,2379.1,8311.0,4679,4.7,Fastened,18.8,No,TASK-OP1004-0026,Loading,80.3,TAB-1004-A,South Quarry - Zone 2,True,v2.3.1
2026-09-19 06:45:00,EXC001,OP1001,2363.2,8037.1,4641,21.9,Unfastened,11.9,Yes,TASK-OP1001-0027,Grading,87.9,TAB-1001-A,North Pit - Zone 1,True,v2.3.1
2026-09-19 06:45:00,EXC002,OP1002,1443.6,8898.5,3118,4.1,Fastened,22.8,No,TASK-OP1002-0027,Transport,87.7,TAB-1002-A,North Pit - Zone 2,True,v2.3.1
2026-09-19 06:45:00,LDR001,OP1003,2443.4,21061.6,3102,7.8,Fastened,16.6,No,TASK-OP1003-0023,Loading,80.6,TAB-1003-A,South Quarry - Zone 1,True,v2.2.4
2026-09-19 06:45:00,EXC001,OP1004,2380.0,8329.3,4683,9.2,Fastened,13.9,No,TASK-OP1004-0026,Loading,80.3,TAB-1004-A,South Quarry - Zone 2,True,v2.3.1
2026-09-19 07:30:00,EXC001,OP1001,2364.3,8055.7,4643,20.1,Fastened,12.9,No,TASK-OP1001-0027,Grading,87.9,TAB-1001-A,North Pit - Zone 1,True,v2.3.1
2026-09-19 07:30:00,EXC002,OP1002,1444.4,8917.7,3120,10.3,Fastened,15.7,No,TASK-OP1002-0027,Transport,87.7,TAB-1002-A,North Pit - Zone 2,True,v2.3.1
2026-09-19 07:30:00,LDR001,OP1003,2444.2,21078.9,3106,7.8,Unfastened,22.4,Yes,TASK-OP1003-0023,Loading,80.6,TAB-1003-A,South Quarry - Zone 1,True,v2.2.4
2026-09-19 07:30:00,EXC001,OP1004,2380.9,8350.7,4687,6.4,Fastened,15.2,No,TASK-OP1004-0026,Loading,80.3,TAB-1004-A,South Quarry - Zone 2,True,v2.3.1
2026-09-19 08:15:00,EXC001,OP1001,2365.5,8071.6,4645,28.6,Fastened,7.6,No,TASK-OP1001-0028,Grading,57.5,TAB-1001-A,North Pit - Zone 1,True,v2.3.1
2026-09-19 08:15:00,EXC002,OP1002,1445.4,8935.7,3121,3.5,Fastened,19.9,No,TASK-OP1002-0027,Transport,87.7,TAB-1002-A,North Pit - Zone 2,True,v2.3.1
2026-09-19 08:15:00,LDR001,OP1003,2445.1,21095.9,3110,8.5,Fastened,20.0,No,TASK-OP1003-0024,Grading,101.3,TAB-1003-A,South Quarry - Zone 1,True,v2.2.4
2026-09-19 08:15:00,EXC001,OP1004,2381.9,8370.7,4688,9.6,Fastened,11.9,No,TASK-OP1004-0027,Transport,26.0,TAB-1004-A,South Quarry - Zone 2,True,v2.3.1
2026-09-19 09:00:00,EXC001,OP1001,2366.4,8083.6,4646,20.3,Fastened,13.0,No,TASK-OP1001-0028,Grading,57.5,TAB-1001-A,North Pit - Zone 1,True,v2.3.1
2026-09-19 09:00:00,EXC002,OP1002,1446.3,8955.3,3123,4.3,Fastened,20.5,No,TASK-OP1002-0027,Transport,87.7,TAB-1002-A,North Pit - Zone 2,True,v2.3.1
2026-09-19 09:00:00,LDR001,OP1003,2446.3,21109.0,3111,9.2,Fastened,22.7,No,TASK-OP1003-0024,Grading,101.3,TAB-1003-A,South Quarry - Zone 1,True,v2.2.4
2026-09-19 09:00:00,EXC001,OP1004,2382.8,8389.8,4690,4.3,Fastened,19.5,No,TASK-OP1004-0027,Transport,26.0,TAB-1004-A,South Quarry - Zone 2,True,v2.3.1
2026-09-19 09:45:00,EXC001,OP1001,2367.4,8102.8,4650,26.4,Fastened,7.1,No,TASK-OP1001-0028,Grading,57.5,TAB-1001-A,North Pit - Zone 1,True,v2.3.1
2026-09-19 09:45:00,EXC002,OP1002,1447.5,8969.4,3125,6.6,Fastened,11.9,No,TASK-OP1002-0028,Grading,76.8,TAB-1002-A,North Pit - Zone 2,True,v2.3.1
2026-09-19 09:45:00,LDR001,OP1003,2447.2,21127.2,3114,10.1,Fastened,20.6,No,TASK-OP1003-0024,Grading,101.3,TAB-1003-A,South Quarry - Zone 1,True,v2.2.4
2026-09-19 09:45:00,EXC001,OP1004,2383.7,8402.9,4691,10.7,Fastened,17.7,No,TASK-OP1004-0027,Transport,26.0,TAB-1004-A,South Quarry - Zone 2,True,v2.3.1
2026-09-19 10:30:00,EXC001,OP1001,2368.3,8117.6,4651,20.4,Unfastened,7.8,Yes,TASK-OP1001-0029,Loading,44.9,TAB-1001-A,North Pit - Zone 1,True,v2.3.1
2026-09-19 10:30:00,EXC002,OP1002,1448.3,8991.4,3129,10.6,Fastened,25.2,No,TASK-OP1002-0028,Grading,76.8,TAB-1002-A,North Pit - Zone 2,True,v2.3.1
2026-09-19 10:30:00,LDR001,OP1003,2448.0,21148.8,3118,5.5,Fastened,18.6,No,TASK-OP1003-0025,Grading,128.5,TAB-1003-A,South Quarry - Zone 1,True,v2.2.4
2026-09-19 10:30:00,EXC001,OP1004,2384.7,8422.5,4692,4.3,Fastened,25.5,No,TASK-OP1004-0027,Transport,26.0,TAB-1004-A,South Quarry - Zone 2,True,v2.3.1
2026-09-19 11:15:00,EXC001,OP1001,2369.4,8135.7,4652,17.6,Unfastened,5.9,Yes,TASK-OP1001-0029,Loading,44.9,TAB-1001-A,North Pit - Zone 1,True,v2.3.1
2026-09-19 11:15:00,EXC002,OP1002,1449.4,9010.4,3133,4.2,Fastened,16.4,No,TASK-OP1002-0028,Grading,76.8,TAB-1002-A,North Pit - Zone 2,True,v2.3.1
2026-09-19 11:15:00,LDR001,OP1003,2449.2,21163.1,3119,9.6,Fastened,14.7,No,TASK-OP1003-0025,Grading,128.5,TAB-1003-A,South Quarry - Zone 1,True,v2.2.4
2026-09-19 11:15:00,EXC001,OP1004,2385.6,8439.0,4696,1.7,Fastened,9.2,No,TASK-OP1004-0027,Transport,26.0,TAB-1004-A,South Quarry - Zone 2,True,v2.3.1
2026-09-19 12:00:00,EXC001,OP1001,2370.2,8153.6,4656,18.7,Fastened,6.4,No,TASK-OP1001-0029,Loading,44.9,TAB-1001-A,North Pit - Zone 1,True,v2.3.1
2026-09-19 12:00:00,EXC002,OP1002,1450.4,9030.2,3137,6.9,Fastened,19.3,No,TASK-OP1002-0028,Grading,76.8,TAB-1002-A,North Pit - Zone 2,True,v2.3.1
2026-09-19 12:00:00,LDR001,OP1003,2450.3,21182.7,3120,7.1,Fastened,16.4,No,TASK-OP1003-0025,Grading,128.5,TAB-1003-A,South Quarry - Zone 1,True,v2.2.4
2026-09-19 12:00:00,EXC001,OP1004,2386.4,8457.0,4699,7.3,Fastened,16.0,No,TASK-OP1004-0028,Digging,102.5,TAB-1004-A,South Quarry - Zone 2,True,v2.3.1
2026-09-19 12:45:00,EXC001,OP1001,2371.0,8170.0,4658,21.6,Fastened,9.4,No,TASK-OP1001-0030,Digging,89.4,TAB-1001-A,North Pit - Zone 1,True,v2.3.1
2026-09-19 12:45:00,EXC002,OP1002,1451.3,9051.0,3141,8.0,Fastened,26.0,No,TASK-OP1002-0029,Grading,77.4,TAB-1002-A,North Pit - Zone 2,True,v2.3.1
2026-09-19 12:45:00,LDR001,OP1003,2451.1,21194.8,3122,6.1,Fastened,23.1,No,TASK-OP1003-0026,Transport,58.7,TAB-1003-A,South Quarry - Zone 1,True,v2.2.4
2026-09-19 12:45:00,EXC001,OP1004,2387.2,8473.1,4700,2.9,Fastened,20.8,No,TASK-OP1004-0028,Digging,102.5,TAB-1004-A,South Quarry - Zone 2,True,v2.3.1
2026-09-19 13:30:00,EXC001,OP1001,2372.1,8183.4,4661,26.3,Unfastened,5.7,Yes,TASK-OP1001-0030,Digging,89.4,TAB-1001-A,North Pit - Zone 1,True,v2.3.1
2026-09-19 13:30:00,EXC002,OP1002,1452.5,9067.7,3144,5.5,Fastened,14.8,No,TASK-OP1002-0029,Grading,77.4,TAB-1002-A,North Pit - Zone 2,True,v2.3.1
2026-09-19 13:30:00,LDR001,OP1003,2452.2,21213.2,3125,6.6,Fastened,18.2,No,TASK-OP1003-0026,Transport,58.7,TAB-1003-A,South Quarry - Zone 1,True,v2.2.4
2026-09-19 13:30:00,EXC001,OP1004,2388.2,8495.0,4702,6.7,Fastened,15.7,No,TASK-OP1004-0028,Digging,102.5,TAB-1004-A,South Quarry - Zone 2,True,v2.3.1
2026-09-19 14:15:00,EXC001,OP1001,2373.3,8201.2,4664,24.6,Unfastened,8.0,Yes,TASK-OP1001-0030,Digging,89.4,TAB-1001-A,North Pit - Zone 1,True,v2.3.1
2026-09-19 14:15:00,EXC002,OP1002,1453.4,9083.8,3146,1.9,Fastened,15.1,No,TASK-OP1002-0029,Grading,77.4,TAB-1002-A,North Pit - Zone 2,True,v2.3.1
2026-09-19 14:15:00,LDR001,OP1003,2453.3,21226.2,3126,1.9,Fastened,21.0,No,TASK-OP1003-0026,Transport,58.7,TAB-1003-A,South Quarry - Zone 1,True,v2.2.4
2026-09-19 14:15:00,EXC001,OP1004,2389.1,8509.7,4705,2.2,Fastened,21.5,No,TASK-OP1004-0029,Loading,71.1,TAB-1004-A,South Quarry - Zone 2,True,v2.3.1
2026-09-19 15:00:00,EXC001,OP1001,2374.5,8223.1,4666,21.5,Unfastened,10.7,Yes,TASK-OP1001-0030,Digging,89.4,TAB-1001-A,North Pit - Zone 1,True,v2.3.1
2026-09-19 15:00:00,EXC002,OP1002,1454.2,9101.3,3150,5.9,Fastened,25.2,No,TASK-OP1002-0029,Grading,77.4,TAB-1002-A,North Pit - Zone 2,True,v2.3.1
2026-09-19 15:00:00,LDR001,OP1003,2454.5,21245.0,3129,7.9,Fastened,26.7,No,TASK-OP1003-0027,Transport,39.0,TAB-1003-A,South Quarry - Zone 1,True,v2.2.4
2026-09-19 15:00:00,EXC001,OP1004,2389.9,8526.0,4709,8.0,Fastened,17.6,No,TASK-OP1004-0029,Loading,71.1,TAB-1004-A,South Quarry - Zone 2,True,v2.3.1
2026-09-19 15:45:00,EXC001,OP1001,2375.4,8240.7,4668,18.3,Fastened,9.8,No,TASK-OP1001-0030,Digging,89.4,TAB-1001-A,North Pit - Zone 1,True,v2.3.1
2026-09-19 15:45:00,EXC002,OP1002,1455.1,9115.6,3152,4.4,Fastened,18.9,No,TASK-OP1002-0029,Grading,77.4,TAB-1002-A,North Pit - Zone 2,True,v2.3.1
2026-09-19 15:45:00,LDR001,OP1003,2455.5,21257.3,3132,5.1,Unfastened,18.9,Yes,TASK-OP1003-0027,Transport,39.0,TAB-1003-A,South Quarry - Zone 1,True,v2.2.4
2026-09-19 15:45:00,EXC001,OP1004,2391.0,8541.6,4711,11.5,Fastened,13.7,No,TASK-OP1004-0029,Loading,71.1,TAB-1004-A,South Quarry - Zone 2,True,v2.3.1
2026-09-19 16:30:00,EXC001,OP1001,2376.4,8257.7,4671,22.2,Fastened,10.1,No,TASK-OP1001-0030,Digging,89.4,TAB-1001-A,North Pit - Zone 1,True,v2.3.1
2026-09-19 16:30:00,EXC002,OP1002,1456.2,9134.4,3155,6.0,Fastened,22.8,No,TASK-OP1002-0029,Grading,77.4,TAB-1002-A,North Pit - Zone 2,True,v2.3.1
2026-09-19 16:30:00,LDR001,OP1003,2456.4,21270.7,3136,6.7,Fastened,24.3,No,TASK-OP1003-0027,Transport,39.0,TAB-1003-A,South Quarry - Zone 1,True,v2.2.4
2026-09-19 16:30:00,EXC001,OP1004,2391.9,8554.7,4714,1.4,Unfastened,15.2,Yes,TASK-OP1004-0030,Transport,61.6,TAB-1004-A,South Quarry - Zone 2,True,v2.3.1
2026-09-19 17:15:00,EXC001,OP1001,2377.3,8273.9,4673,22.5,Unfastened,16.0,Yes,TASK-OP1001-0031,Transport,75.0,TAB-1001-A,North Pit - Zone 1,True,v2.3.1
2026-09-19 17:15:00,EXC002,OP1002,1457.3,9151.3,3157,13.6,Fastened,15.9,No,TASK-OP1002-0030,Transport,87.7,TAB-1002-A,North Pit - Zone 2,True,v2.3.1
2026-09-19 17:15:00,LDR001,OP1003,2457.3,21291.0,3140,5.7,Fastened,19.1,No,TASK-OP1003-0028,Grading,62.1,TAB-1003-A,South Quarry - Zone 1,True,v2.2.4
2026-09-19 17:15:00,EXC001,OP1004,2392.9,8575.1,4718,5.9,Fastened,19.0,No,TASK-OP1004-0030,Transport,61.6,TAB-1004-A,South Quarry - Zone 2,True,v2.3.1
2026-09-19 18:00:00,EXC001,OP1001,2378.2,8291.3,4675,19.8,Fastened,7.1,No,TASK-OP1001-0031,Transport,75.0,TAB-1001-A,North Pit - Zone 1,True,v2.3.1
2026-09-19 18:00:00,EXC002,OP1002,1458.2,9164.7,3161,4.5,Fastened,22.2,No,TASK-OP1002-0030,Transport,87.7,TAB-1002-A,North Pit - Zone 2,True,v2.3.1
2026-09-19 18:00:00,LDR001,OP1003,2458.3,21306.8,3142,7.8,Fastened,18.7,No,TASK-OP1003-0028,Grading,62.1,TAB-1003-A,South Quarry - Zone 1,True,v2.2.4
2026-09-19 18:00:00,EXC001,OP1004,2393.8,8590.4,4720,5.3,Fastened,19.4,No,TASK-OP1004-0030,Transport,61.6,TAB-1004-A,South Quarry - Zone 2,True,v2.3.1
2026-09-20 06:00:00,EXC001,OP1001,2394.7,8609.3,4724,20.7,Fastened,11.4,No,TASK-OP1001-0032,Transport,87.8,TAB-1001-A,North Pit - Zone 1,True,v2.3.1
2026-09-20 06:00:00,EXC002,OP1002,1459.3,9179.9,3164,10.5,Fastened,21.5,No,TASK-OP1002-0031,Digging,112.6,TAB-1002-A,North Pit - Zone 2,True,v2.3.1
2026-09-20 06:00:00,LDR001,OP1003,2459.4,21323.7,3143,7.6,Fastened,15.7,No,TASK-OP1003-0029,Transport,49.1,TAB-1003-A,South Quarry - Zone 1,True,v2.2.4
2026-09-20 06:00:00,LDR001,OP1004,2477.3,21608.7,3180,4.3,Fastened,15.3,No,TASK-OP1004-0031,Grading,106.1,TAB-1004-A,South Quarry - Zone 2,True,v2.2.4
2026-09-20 06:45:00,EXC001,OP1001,2395.8,8624.6,4727,24.2,Fastened,10.5,No,TASK-OP1001-0032,Transport,87.8,TAB-1001-A,North Pit - Zone 1,True,v2.3.1
2026-09-20 06:45:00,EXC002,OP1002,1460.4,9192.1,3167,5.3,Fastened,18.1,No,TASK-OP1002-0031,Digging,112.6,TAB-1002-A,North Pit - Zone 2,True,v2.3.1
2026-09-20 06:45:00,LDR001,OP1003,2460.5,21337.9,3144,5.9,Fastened,26.6,No,TASK-OP1003-0029,Transport,49.1,TAB-1003-A,South Quarry - Zone 1,True,v2.2.4
2026-09-20 06:45:00,LDR001,OP1004,2478.3,21627.3,3183,5.9,Fastened,22.7,No,TASK-OP1004-0031,Grading,106.1,TAB-1004-A,South Quarry - Zone 2,True,v2.2.4
2026-09-20 07:30:00,EXC001,OP1001,2396.8,8637.7,4729,25.5,Fastened,8.5,No,TASK-OP1001-0032,Transport,87.8,TAB-1001-A,North Pit - Zone 1,True,v2.3.1
2026-09-20 07:30:00,EXC002,OP1002,1461.5,9205.7,3169,6.6,Fastened,9.8,No,TASK-OP1002-0031,Digging,112.6,TAB-1002-A,North Pit - Zone 2,True,v2.3.1
2026-09-20 07:30:00,LDR001,OP1003,2461.5,21351.6,3148,11.2,Fastened,19.7,No,TASK-OP1003-0029,Transport,49.1,TAB-1003-A,South Quarry - Zone 1,True,v2.2.4
2026-09-20 07:30:00,LDR001,OP1004,2479.4,21643.3,3187,7.6,Fastened,16.5,No,TASK-OP1004-0031,Grading,106.1,TAB-1004-A,South Quarry - Zone 2,True,v2.2.4
2026-09-20 08:15:00,EXC001,OP1001,2397.8,8656.5,4730,26.2,Fastened,8.5,No,TASK-OP1001-0032,Transport,87.8,TAB-1001-A,North Pit - Zone 1,True,v2.3.1
2026-09-20 08:15:00,EXC002,OP1002,1462.5,9221.0,3173,5.3,Fastened,15.3,No,TASK-OP1002-0031,Digging,112.6,TAB-1002-A,North Pit - Zone 2,True,v2.3.1
2026-09-20 08:15:00,LDR001,OP1003,2462.6,21368.6,3149,6.1,Fastened,18.5,No,TASK-OP1003-0029,Transport,49.1,TAB-1003-A,South Quarry - Zone 1,True,v2.2.4
2026-09-20 08:15:00,LDR001,OP1004,2480.4,21658.5,3190,8.3,Fastened,6.6,No,TASK-OP1004-0031,Grading,106.1,TAB-1004-A,South Quarry - Zone 2,True,v2.2.4
2026-09-20 09:00:00,EXC001,OP1001,2398.7,8676.5,4731,26.4,Fastened,11.1,No,TASK-OP1001-0033,Transport,86.0,TAB-1001-A,North Pit - Zone 1,True,v2.3.1
2026-09-20 09:00:00,EXC002,OP1002,1463.6,9234.9,3177,3.0,Fastened,16.9,No,TASK-OP1002-0032,Loading,77.9,TAB-1002-A,North Pit - Zone 2,True,v2.3.1
2026-09-20 09:00:00,LDR001,OP1003,2463.7,21384.3,3150,7.8,Fastened,13.9,No,TASK-OP1003-0030,Grading,126.4,TAB-1003-A,South Quarry - Zone 1,True,v2.2.4
2026-09-20 09:00:00,LDR001,OP1004,2481.4,21676.2,3194,9.4,Fastened,11.0,No,TASK-OP1004-0031,Grading,106.1,TAB-1004-A,South Quarry - Zone 2,True,v2.2.4
2026-09-20 09:45:00,EXC001,OP1001,2399.8,8692.6,4735,25.0,Unfastened,9.2,Yes,TASK-OP1001-0033,Transport,86.0,TAB-1001-A,North Pit - Zone 1,True,v2.3.1
2026-09-20 09:45:00,EXC002,OP1002,1464.7,9255.7,3181,11.4,Fastened,20.6,No,TASK-OP1002-0032,Loading,77.9,TAB-1002-A,North Pit - Zone 2,True,v2.3.1
2026-09-20 09:45:00,LDR001,OP1003,2464.7,21398.5,3154,5.2,Fastened,11.3,No,TASK-OP1003-0030,Grading,126.4,TAB-1003-A,South Quarry - Zone 1,True,v2.2.4
2026-09-20 09:45:00,LDR001,OP1004,2482.5,21696.6,3195,4.9,Fastened,13.5,No,TASK-OP1004-0032,Digging,65.5,TAB-1004-A,South Quarry - Zone 2,True,v2.2.4
2026-09-20 10:30:00,EXC001,OP1001,2400.7,8707.1,4737,24.2,Fastened,11.4,No,TASK-OP1001-0033,Transport,86.0,TAB-1001-A,North Pit - Zone 1,True,v2.3.1
2026-09-20 10:30:00,EXC002,OP1002,1465.7,9274.7,3183,4.3,Fastened,20.3,No,TASK-OP1002-0032,Loading,77.9,TAB-1002-A,North Pit - Zone 2,True,v2.3.1
2026-09-20 10:30:00,LDR001,OP1003,2465.8,21418.0,3157,7.2,Fastened,20.6,No,TASK-OP1003-0030,Grading,126.4,TAB-1003-A,South Quarry - Zone 1,True,v2.2.4
2026-09-20 10:30:00,LDR001,OP1004,2483.6,21713.0,3196,2.1,Fastened,22.6,No,TASK-OP1004-0032,Digging,65.5,TAB-1004-A,South Quarry - Zone 2,True,v2.2.4
2026-09-20 11:15:00,EXC001,OP1001,2401.8,8719.8,4741,22.4,Fastened,12.5,No,TASK-OP1001-0033,Transport,86.0,TAB-1001-A,North Pit - Zone 1,True,v2.3.1
2026-09-20 11:15:00,EXC002,OP1002,1466.8,9294.7,3184,10.2,Fastened,21.7,No,TASK-OP1002-0032,Loading,77.9,TAB-1002-A,North Pit - Zone 2,True,v2.3.1
2026-09-20 11:15:00,LDR001,OP1003,2466.6,21432.6,3158,4.6,Fastened,24.3,No,TASK-OP1003-0030,Grading,126.4,TAB-1003-A,South Quarry - Zone 1,True,v2.2.4
2026-09-20 11:15:00,LDR001,OP1004,2484.6,21735.0,3198,4.6,Fastened,19.4,No,TASK-OP1004-0032,Digging,65.5,TAB-1004-A,South Quarry - Zone 2,True,v2.2.4
2026-09-20 12:00:00,EXC001,OP1001,2402.8,8741.0,4745,24.3,Fastened,2.8,No,TASK-OP1001-0033,Transport,86.0,TAB-1001-A,North Pit - Zone 1,True,v2.3.1
2026-09-20 12:00:00,EXC002,OP1002,1467.8,9310.4,3186,6.2,Fastened,15.4,No,TASK-OP1002-0032,Loading,77.9,TAB-1002-A,North Pit - Zone 2,True,v2.3.1
2026-09-20 12:00:00,LDR001,OP1003,2467.8,21452.4,3160,2.3,Fastened,12.1,No,TASK-OP1003-0030,Grading,126.4,TAB-1003-A,South Quarry - Zone 1,True,v2.2.4
2026-09-20 12:00:00,LDR001,OP1004,2485.5,21755.7,3201,5.9,Fastened,19.9,No,TASK-OP1004-0032,Digging,65.5,TAB-1004-A,South Quarry - Zone 2,True,v2.2.4
2026-09-20 12:45:00,EXC001,OP1001,2403.9,8756.6,4746,24.8,Unfastened,5.1,Yes,TASK-OP1001-0033,Transport,86.0,TAB-1001-A,North Pit - Zone 1,True,v2.3.1
2026-09-20 12:45:00,EXC002,OP1002,1468.7,9331.0,3189,8.1,Fastened,19.6,No,TASK-OP1002-0032,Loading,77.9,TAB-1002-A,North Pit - Zone 2,True,v2.3.1
2026-09-20 12:45:00,LDR001,OP1003,2468.9,21471.3,3164,6.7,Fastened,22.2,No,TASK-OP1003-0030,Grading,126.4,TAB-1003-A,South Quarry - Zone 1,True,v2.2.4
2026-09-20 12:45:00,LDR001,OP1004,2486.4,21768.5,3203,6.2,Fastened,12.9,No,TASK-OP1004-0032,Digging,65.5,TAB-1004-A,South Quarry - Zone 2,True,v2.2.4
2026-09-20 13:30:00,EXC001,OP1001,2404.8,8775.1,4747,27.0,Fastened,5.2,No,TASK-OP1001-0034,Loading,69.5,TAB-1001-A,North Pit - Zone 1,True,v2.3.1
2026-09-20 13:30:00,EXC002,OP1002,1469.6,9351.5,3191,8.7,Fastened,20.5,No,TASK-OP1002-0033,Transport,61.1,TAB-1002-A,North Pit - Zone 2,True,v2.3.1
2026-09-20 13:30:00,LDR001,OP1003,2470.0,21491.4,3167,11.1,Fastened,16.2,No,TASK-OP1003-0031,Loading,77.1,TAB-1003-A,South Quarry - Zone 1,True,v2.2.4
2026-09-20 13:30:00,LDR001,OP1004,2487.5,21784.8,3204,9.0,Fastened,16.0,No,TASK-OP1004-0033,Grading,121.2,TAB-1004-A,South Quarry - Zone 2,True,v2.2.4
2026-09-20 14:15:00,EXC001,OP1001,2405.9,8793.6,4750,23.1,Fastened,1.4,Yes,TASK-OP1001-0034,Loading,69.5,TAB-1001-A,North Pit - Zone 1,True,v2.3.1
2026-09-20 14:15:00,EXC002,OP1002,1470.7,9366.5,3192,9.1,Fastened,15.9,No,TASK-OP1002-0033,Transport,61.1,TAB-1002-A,North Pit - Zone 2,True,v2.3.1
2026-09-20 14:15:00,LDR001,OP1003,2471.0,21505.1,3170,9.2,Fastened,17.8,No,TASK-OP1003-0031,Loading,77.1,TAB-1003-A,South Quarry - Zone 1,True,v2.2.4
2026-09-20 14:15:00,LDR001,OP1004,2488.3,21801.6,3206,1.3,Fastened,16.3,No,TASK-OP1004-0033,Grading,121.2,TAB-1004-A,South Quarry - Zone 2,True,v2.2.4
2026-09-20 15:00:00,EXC001,OP1001,2406.9,8805.7,4753,23.1,Unfastened,0.5,Yes,TASK-OP1001-0034,Loading,69.5,TAB-1001-A,North Pit - Zone 1,True,v2.3.1
2026-09-20 15:00:00,EXC002,OP1002,1471.6,9380.9,3193,10.0,Fastened,18.8,No,TASK-OP1002-0033,Transport,61.1,TAB-1002-A,North Pit - Zone 2,True,v2.3.1
2026-09-20 15:00:00,LDR001,OP1003,2471.9,21525.7,3171,5.5,Fastened,21.5,No,TASK-OP1003-0031,Loading,77.1,TAB-1003-A,South Quarry - Zone 1,True,v2.2.4
2026-09-20 15:00:00,LDR001,OP1004,2489.3,21818.1,3207,10.5,Fastened,21.4,No,TASK-OP1004-0033,Grading,121.2,TAB-1004-A,South Quarry - Zone 2,True,v2.2.4
2026-09-20 15:45:00,EXC001,OP1001,2408.0,8823.3,4755,19.7,Unfastened,9.4,Yes,TASK-OP1001-0034,Loading,69.5,TAB-1001-A,North Pit - Zone 1,True,v2.3.1
2026-09-20 15:45:00,EXC002,OP1002,1472.7,9398.0,3197,12.2,Fastened,15.2,No,TASK-OP1002-0033,Transport,61.1,TAB-1002-A,North Pit - Zone 2,True,v2.3.1
2026-09-20 15:45:00,LDR001,OP1003,2473.0,21541.8,3172,8.0,Fastened,11.7,No,TASK-OP1003-0031,Loading,77.1,TAB-1003-A,South Quarry - Zone 1,True,v2.2.4
2026-09-20 15:45:00,LDR001,OP1004,2490.4,21840.0,3211,5.0,Fastened,16.6,No,TASK-OP1004-0033,Grading,121.2,TAB-1004-A,South Quarry - Zone 2,True,v2.2.4
2026-09-20 16:30:00,EXC001,OP1001,2409.0,8843.0,4757,26.8,Unfastened,8.4,Yes,TASK-OP1001-0034,Loading,69.5,TAB-1001-A,North Pit - Zone 1,True,v2.3.1
2026-09-20 16:30:00,EXC002,OP1002,1473.7,9414.2,3201,11.2,Fastened,18.8,No,TASK-OP1002-0033,Transport,61.1,TAB-1002-A,North Pit - Zone 2,True,v2.3.1
2026-09-20 16:30:00,LDR001,OP1003,2474.1,21555.1,3174,10.4,Fastened,23.5,No,TASK-OP1003-0031,Loading,77.1,TAB-1003-A,South Quarry - Zone 1,True,v2.2.4
2026-09-20 16:30:00,LDR001,OP1004,2491.4,21854.3,3212,5.0,Fastened,26.3,No,TASK-OP1004-0033,Grading,121.2,TAB-1004-A,South Quarry - Zone 2,True,v2.2.4
2026-09-20 17:15:00,EXC001,OP1001,2409.9,8864.2,4758,21.5,Unfastened,7.0,Yes,TASK-OP1001-0035,Digging,117.9,TAB-1001-A,North Pit - Zone 1,True,v2.3.1
2026-09-20 17:15:00,EXC002,OP1002,1474.7,9427.6,3204,4.0,Fastened,16.1,No,TASK-OP1002-0034,Loading,63.3,TAB-1002-A,North Pit - Zone 2,True,v2.3.1
2026-09-20 17:15:00,LDR001,OP1003,2475.2,21575.4,3178,4.1,Fastened,19.6,No,TASK-OP1003-0031,Loading,77.1,TAB-1003-A,South Quarry - Zone 1,True,v2.2.4
2026-09-20 17:15:00,LDR001,OP1004,2492.2,21869.4,3215,7.1,Fastened,19.7,No,TASK-OP1004-0033,Grading,121.2,TAB-1004-A,South Quarry - Zone 2,True,v2.2.4
2026-09-20 18:00:00,EXC001,OP1001,2411.1,8877.6,4761,24.4,Unfastened,3.6,Yes,TASK-OP1001-0035,Digging,117.9,TAB-1001-A,North Pit - Zone 1,True,v2.3.1
2026-09-20 18:00:00,EXC002,OP1002,1475.7,9448.3,3205,5.0,Fastened,19.7,No,TASK-OP1002-0034,Loading,63.3,TAB-1002-A,North Pit - Zone 2,True,v2.3.1
2026-09-20 18:00:00,LDR001,OP1003,2476.2,21588.2,3179,7.5,Fastened,19.0,No,TASK-OP1003-0032,Grading,110.9,TAB-1003-A,South Quarry - Zone 1,True,v2.2.4
2026-09-20 18:00:00,LDR001,OP1004,2493.3,21882.1,3216,9.1,Fastened,19.0,No,TASK-OP1004-0034,Loading,68.5,TAB-1004-A,South Quarry - Zone 2,True,v2.2.4
2026-09-21 06:00:00,EXC001,OP1001,2412.1,8894.0,4763,26.4,Unfastened,5.0,Yes,TASK-OP1001-0036,Loading,85.2,TAB-1001-A,North Pit - Zone 1,True,v2.3.1
2026-09-21 06:00:00,EXC002,OP1002,1476.6,9465.5,3208,7.9,Fastened,13.4,No,TASK-OP1002-0035,Loading,59.8,TAB-1002-A,North Pit - Zone 2,True,v2.3.1
2026-09-21 06:00:00,LDR001,OP1003,2494.3,21896.5,3220,3.9,Fastened,27.0,No,TASK-OP1003-0033,Grading,55.9,TAB-1003-A,South Quarry - Zone 1,True,v2.2.4
2026-09-21 06:00:00,EXC001,OP1004,2428.2,9192.4,4803,6.3,Fastened,12.7,No,TASK-OP1004-0035,Digging,62.6,TAB-1004-A,South Quarry - Zone 2,True,v2.3.1
2026-09-21 06:45:00,EXC001,OP1001,2412.9,8913.5,4767,27.0,Unfastened,5.4,Yes,TASK-OP1001-0036,Loading,85.2,TAB-1001-A,North Pit - Zone 1,True,v2.3.1
2026-09-21 06:45:00,EXC002,OP1002,1477.5,9485.3,3211,10.9,Fastened,13.4,No,TASK-OP1002-0035,Loading,59.8,TAB-1002-A,North Pit - Zone 2,True,v2.3.1
2026-09-21 06:45:00,LDR001,OP1003,2495.5,21909.9,3223,8.9,Fastened,16.7,No,TASK-OP1003-0033,Grading,55.9,TAB-1003-A,South Quarry - Zone 1,True,v2.2.4
2026-09-21 06:45:00,EXC001,OP1004,2429.0,9212.9,4806,4.2,Fastened,19.3,No,TASK-OP1004-0035,Digging,62.6,TAB-1004-A,South Quarry - Zone 2,True,v2.3.1
2026-09-21 07:30:00,EXC001,OP1001,2413.9,8933.4,4769,29.4,Unfastened,5.7,Yes,TASK-OP1001-0036,Loading,85.2,TAB-1001-A,North Pit - Zone 1,True,v2.3.1
2026-09-21 07:30:00,EXC002,OP1002,1478.3,9506.3,3214,6.9,Fastened,15.0,No,TASK-OP1002-0035,Loading,59.8,TAB-1002-A,North Pit - Zone 2,True,v2.3.1
2026-09-21 07:30:00,LDR001,OP1003,2496.7,21930.9,3227,0.0,Fastened,27.2,No,TASK-OP1003-0033,Grading,55.9,TAB-1003-A,South Quarry - Zone 1,True,v2.2.4
2026-09-21 07:30:00,EXC001,OP1004,2430.2,9225.4,4810,1.2,Fastened,19.8,No,TASK-OP1004-0035,Digging,62.6,TAB-1004-A,South Quarry - Zone 2,True,v2.3.1
2026-09-21 08:15:00,EXC001,OP1001,2414.7,8950.9,4772,29.4,Fastened,5.3,No,TASK-OP1001-0036,Loading,85.2,TAB-1001-A,North Pit - Zone 1,True,v2.3.1
2026-09-21 08:15:00,EXC002,OP1002,1479.2,9518.9,3215,5.8,Fastened,19.3,No,TASK-OP1002-0035,Loading,59.8,TAB-1002-A,North Pit - Zone 2,True,v2.3.1
2026-09-21 08:15:00,LDR001,OP1003,2497.8,21948.7,3229,1.8,Fastened,11.4,No,TASK-OP1003-0034,Grading,93.1,TAB-1003-A,South Quarry - Zone 1,True,v2.2.4
2026-09-21 08:15:00,EXC001,OP1004,2431.2,9237.7,4814,5.9,Fastened,20.2,No,TASK-OP1004-0035,Digging,62.6,TAB-1004-A,South Quarry - Zone 2,True,v2.3.1
2026-09-21 09:00:00,EXC001,OP1001,2415.8,8965.9,4774,27.5,Fastened,0.5,Yes,TASK-OP1001-0037,Digging,161.7,TAB-1001-A,North Pit - Zone 1,True,v2.3.1
2026-09-21 09:00:00,EXC002,OP1002,1480.3,9532.6,3217,7.0,Fastened,19.7,No,TASK-OP1002-0036,Grading,50.8,TAB-1002-A,North Pit - Zone 2,True,v2.3.1
2026-09-21 09:00:00,LDR001,OP1003,2498.8,21966.6,3230,9.1,Fastened,27.8,No,TASK-OP1003-0034,Grading,93.1,TAB-1003-A,South Quarry - Zone 1,True,v2.2.4
2026-09-21 09:00:00,EXC001,OP1004,2432.1,9251.6,4817,6.7,Fastened,23.5,No,TASK-OP1004-0035,Digging,62.6,TAB-1004-A,South Quarry - Zone 2,True,v2.3.1
2026-09-21 09:45:00,EXC001,OP1001,2416.7,8978.4,4776,30.0,Unfastened,6.6,Yes,TASK-OP1001-0037,Digging,161.7,TAB-1001-A,North Pit - Zone 1,True,v2.3.1
2026-09-21 09:45:00,EXC002,OP1002,1481.1,9550.3,3218,10.8,Fastened,19.8,No,TASK-OP1002-0036,Grading,50.8,TAB-1002-A,North Pit - Zone 2,True,v2.3.1
2026-09-21 09:45:00,LDR001,OP1003,2500.0,21981.0,3233,10.2,Fastened,20.3,No,TASK-OP1003-0034,Grading,93.1,TAB-1003-A,South Quarry - Zone 1,True,v2.2.4
2026-09-21 09:45:00,EXC001,OP1004,2433.0,9269.7,4819,6.4,Fastened,16.3,No,TASK-OP1004-0035,Digging,62.6,TAB-1004-A,South Quarry - Zone 2,True,v2.3.1
2026-09-21 10:30:00,EXC001,OP1001,2417.5,8995.4,4777,30.2,Unfastened,0.5,Yes,TASK-OP1001-0037,Digging,161.7,TAB-1001-A,North Pit - Zone 1,True,v2.3.1
2026-09-21 10:30:00,EXC002,OP1002,1482.1,9562.7,3219,5.3,Fastened,21.9,No,TASK-OP1002-0036,Grading,50.8,TAB-1002-A,North Pit - Zone 2,True,v2.3.1
2026-09-21 10:30:00,LDR001,OP1003,2501.2,21996.9,3236,7.8,Fastened,21.4,No,TASK-OP1003-0034,Grading,93.1,TAB-1003-A,South Quarry - Zone 1,True,v2.2.4
2026-09-21 10:30:00,EXC001,OP1004,2434.0,9282.3,4822,6.4,Fastened,20.2,No,TASK-OP1004-0036,Transport,48.8,TAB-1004-A,South Quarry - Zone 2,True,v2.3.1
2026-09-21 11:15:00,EXC001,OP1001,2418.7,9017.3,4780,33.5,Unfastened,5.1,Yes,TASK-OP1001-0037,Digging,161.7,TAB-1001-A,North Pit - Zone 1,True,v2.3.1
2026-09-21 11:15:00,EXC002,OP1002,1483.3,9576.5,3220,9.6,Fastened,13.1,No,TASK-OP1002-0037,Transport,45.5,TAB-1002-A,North Pit - Zone 2,True,v2.3.1
2026-09-21 11:15:00,LDR001,OP1003,2502.1,22009.6,3238,8.3,Fastened,19.1,No,TASK-OP1003-0034,Grading,93.1,TAB-1003-A,South Quarry - Zone 1,True,v2.2.4
2026-09-21 11:15:00,EXC001,OP1004,2435.0,9300.7,4824,6.1,Fastened,18.2,No,TASK-OP1004-0036,Transport,48.8,TAB-1004-A,South Quarry - Zone 2,True,v2.3.1
2026-09-21 12:00:00,EXC001,OP1001,2419.8,9035.0,4783,30.5,Fastened,2.4,No,TASK-OP1001-0037,Digging,161.7,TAB-1001-A,North Pit - Zone 1,True,v2.3.1
2026-09-21 12:00:00,EXC002,OP1002,1484.5,9595.9,3224,7.8,Fastened,20.8,No,TASK-OP1002-0037,Transport,45.5,TAB-1002-A,North Pit - Zone 2,True,v2.3.1
2026-09-21 12:00:00,LDR001,OP1003,2503.0,22026.3,3242,6.3,Fastened,17.7,No,TASK-OP1003-0035,Digging,78.6,TAB-1003-A,South Quarry - Zone 1,True,v2.2.4
2026-09-21 12:00:00,EXC001,OP1004,2436.1,9320.6,4828,3.9,Fastened,15.3,No,TASK-OP1004-0036,Transport,48.8,TAB-1004-A,South Quarry - Zone 2,True,v2.3.1
2026-09-21 12:45:00,EXC001,OP1001,2420.7,9051.7,4784,29.1,Unfastened,2.4,Yes,TASK-OP1001-0037,Digging,161.7,TAB-1001-A,North Pit - Zone 1,True,v2.3.1
2026-09-21 12:45:00,EXC002,OP1002,1485.4,9617.1,3227,5.1,Fastened,23.5,No,TASK-OP1002-0037,Transport,45.5,TAB-1002-A,North Pit - Zone 2,True,v2.3.1
2026-09-21 12:45:00,LDR001,OP1003,2503.9,22046.0,3246,3.7,Fastened,16.9,No,TASK-OP1003-0035,Digging,78.6,TAB-1003-A,South Quarry - Zone 1,True,v2.2.4
2026-09-21 12:45:00,EXC001,OP1004,2437.0,9338.0,4832,1.8,Fastened,25.0,No,TASK-OP1004-0036,Transport,48.8,TAB-1004-A,South Quarry - Zone 2,True,v2.3.1
2026-09-21 13:30:00,EXC001,OP1001,2421.6,9072.9,4788,25.4,Unfastened,11.3,Yes,TASK-OP1001-0038,Digging,61.7,TAB-1001-A,North Pit - Zone 1,True,v2.3.1
2026-09-21 13:30:00,EXC002,OP1002,1486.2,9635.8,3228,5.5,Fastened,18.5,No,TASK-OP1002-0038,Digging,128.6,TAB-1002-A,North Pit - Zone 2,True,v2.3.1
2026-09-21 13:30:00,LDR001,OP1003,2504.8,22059.2,3248,0.9,Fastened,17.6,No,TASK-OP1003-0035,Digging,78.6,TAB-1003-A,South Quarry - Zone 1,True,v2.2.4
2026-09-21 13:30:00,EXC001,OP1004,2438.0,9353.2,4835,2.3,Fastened,15.2,No,TASK-OP1004-0036,Transport,48.8,TAB-1004-A,South Quarry - Zone 2,True,v2.3.1
2026-09-21 14:15:00,EXC001,OP1001,2422.7,9089.9,4792,26.7,Unfastened,6.2,Yes,TASK-OP1001-0038,Digging,61.7,TAB-1001-A,North Pit - Zone 1,True,v2.3.1
2026-09-21 14:15:00,EXC002,OP1002,1487.3,9657.6,3232,5.5,Fastened,18.1,No,TASK-OP1002-0038,Digging,128.6,TAB-1002-A,North Pit - Zone 2,True,v2.3.1
2026-09-21 14:15:00,LDR001,OP1003,2505.9,22071.6,3251,3.0,Fastened,13.6,No,TASK-OP1003-0036,Grading,131.8,TAB-1003-A,South Quarry - Zone 1,True,v2.2.4
2026-09-21 14:15:00,EXC001,OP1004,2438.8,9373.3,4838,3.8,Fastened,21.6,No,TASK-OP1004-0037,Grading,107.7,TAB-1004-A,South Quarry - Zone 2,True,v2.3.1
2026-09-21 15:00:00,EXC001,OP1001,2423.7,9108.3,4794,29.8,Unfastened,7.0,Yes,TASK-OP1001-0038,Digging,61.7,TAB-1001-A,North Pit - Zone 1,True,v2.3.1
2026-09-21 15:00:00,EXC002,OP1002,1488.3,9672.4,3235,2.7,Fastened,12.2,No,TASK-OP1002-0038,Digging,128.6,TAB-1002-A,North Pit - Zone 2,True,v2.3.1
2026-09-21 15:00:00,LDR001,OP1003,2507.0,22093.3,3255,6.5,Fastened,23.6,No,TASK-OP1003-0036,Grading,131.8,TAB-1003-A,South Quarry - Zone 1,True,v2.2.4
2026-09-21 15:00:00,EXC001,OP1004,2440.0,9390.6,4840,5.1,Fastened,23.0,No,TASK-OP1004-0037,Grading,107.7,TAB-1004-A,South Quarry - Zone 2,True,v2.3.1
2026-09-21 15:45:00,EXC001,OP1001,2424.6,9125.4,4796,27.7,Fastened,6.7,No,TASK-OP1001-0038,Digging,61.7,TAB-1001-A,North Pit - Zone 1,True,v2.3.1
2026-09-21 15:45:00,EXC002,OP1002,1489.3,9684.5,3237,10.8,Fastened,14.6,No,TASK-OP1002-0038,Digging,128.6,TAB-1002-A,North Pit - Zone 2,True,v2.3.1
2026-09-21 15:45:00,LDR001,OP1003,2508.1,22107.9,3257,8.8,Fastened,11.7,No,TASK-OP1003-0036,Grading,131.8,TAB-1003-A,South Quarry - Zone 1,True,v2.2.4
2026-09-21 15:45:00,EXC001,OP1004,2440.8,9409.2,4843,4.0,Fastened,19.1,No,TASK-OP1004-0037,Grading,107.7,TAB-1004-A,South Quarry - Zone 2,True,v2.3.1
2026-09-21 16:30:00,EXC001,OP1001,2425.5,9140.7,4797,34.4,Unfastened,5.4,Yes,TASK-OP1001-0038,Digging,61.7,TAB-1001-A,North Pit - Zone 1,True,v2.3.1
2026-09-21 16:30:00,EXC002,OP1002,1490.2,9700.2,3241,3.0,Fastened,9.4,No,TASK-OP1002-0039,Grading,122.7,TAB-1002-A,North Pit - Zone 2,True,v2.3.1
2026-09-21 16:30:00,LDR001,OP1003,2509.1,22124.4,3259,3.0,Fastened,21.8,No,TASK-OP1003-0036,Grading,131.8,TAB-1003-A,South Quarry - Zone 1,True,v2.2.4
2026-09-21 16:30:00,EXC001,OP1004,2442.0,9427.0,4847,3.5,Fastened,26.6,No,TASK-OP1004-0038,Digging,151.7,TAB-1004-A,South Quarry - Zone 2,True,v2.3.1
2026-09-21 17:15:00,EXC001,OP1001,2426.6,9153.3,4798,27.8,Fastened,8.7,No,TASK-OP1001-0039,Transport,71.1,TAB-1001-A,North Pit - Zone 1,True,v2.3.1
2026-09-21 17:15:00,EXC002,OP1002,1491.3,9719.5,3243,4.1,Fastened,12.7,No,TASK-OP1002-0039,Grading,122.7,TAB-1002-A,North Pit - Zone 2,True,v2.3.1
2026-09-21 17:15:00,LDR001,OP1003,2509.9,22144.3,3260,3.1,Unfastened,17.1,Yes,TASK-OP1003-0036,Grading,131.8,TAB-1003-A,South Quarry - Zone 1,True,v2.2.4
2026-09-21 17:15:00,EXC001,OP1004,2443.1,9447.5,4849,2.4,Fastened,19.2,No,TASK-OP1004-0038,Digging,151.7,TAB-1004-A,South Quarry - Zone 2,True,v2.3.1
2026-09-21 18:00:00,EXC001,OP1001,2427.4,9171.4,4799,30.5,Unfastened,9.1,Yes,TASK-OP1001-0039,Transport,71.1,TAB-1001-A,North Pit - Zone 1,True,v2.3.1
2026-09-21 18:00:00,EXC002,OP1002,1492.5,9731.7,3246,10.9,Fastened,22.0,No,TASK-OP1002-0039,Grading,122.7,TAB-1002-A,North Pit - Zone 2,True,v2.3.1
2026-09-21 18:00:00,LDR001,OP1003,2511.0,22166.1,3262,7.7,Fastened,14.1,No,TASK-OP1003-0036,Grading,131.8,TAB-1003-A,South Quarry - Zone 1,True,v2.2.4
2026-09-21 18:00:00,EXC001,OP1004,2444.0,9466.9,4852,7.9,Fastened,19.7,No,TASK-OP1004-0038,Digging,151.7,TAB-1004-A,South Quarry - Zone 2,True,v2.3.1
2026-09-22 06:00:00,EXC001,OP1001,2444.8,9479.5,4854,29.4,Unfastened,3.6,Yes,TASK-OP1001-0040,Grading,63.4,TAB-1001-A,North Pit - Zone 1,True,v2.3.1
2026-09-22 06:00:00,EXC002,OP1002,1493.3,9748.5,3248,3.9,Fastened,17.8,No,TASK-OP1002-0040,Grading,102.3,TAB-1002-A,North Pit - Zone 2,True,v2.3.1
2026-09-22 06:00:00,LDR001,OP1003,2511.8,22187.1,3263,6.0,Fastened,21.4,No,TASK-OP1003-0037,Loading,58.6,TAB-1003-A,South Quarry - Zone 1,True,v2.2.4
2026-09-22 06:00:00,LDR001,OP1004,2529.9,22489.0,3300,3.2,Fastened,17.4,No,TASK-OP1004-0039,Digging,82.6,TAB-1004-A,South Quarry - Zone 2,True,v2.2.4
2026-09-22 06:45:00,EXC001,OP1001,2445.8,9494.8,4856,30.1,Fastened,3.6,No,TASK-OP1001-0040,Grading,63.4,TAB-1001-A,North Pit - Zone 1,True,v2.3.1
2026-09-22 06:45:00,EXC002,OP1002,1494.1,9769.0,3251,7.7,Unfastened,18.3,Yes,TASK-OP1002-0040,Grading,102.3,TAB-1002-A,North Pit - Zone 2,True,v2.3.1
2026-09-22 06:45:00,LDR001,OP1003,2513.0,22207.1,3265,6.2,Fastened,17.6,No,TASK-OP1003-0037,Loading,58.6,TAB-1003-A,South Quarry - Zone 1,True,v2.2.4
2026-09-22 06:45:00,LDR001,OP1004,2531.0,22509.2,3302,2.4,Fastened,20.4,No,TASK-OP1004-0039,Digging,82.6,TAB-1004-A,South Quarry - Zone 2,True,v2.2.4
2026-09-22 07:30:00,EXC001,OP1001,2446.7,9508.6,4859,32.9,Unfastened,10.6,Yes,TASK-OP1001-0040,Grading,63.4,TAB-1001-A,North Pit - Zone 1,True,v2.3.1
2026-09-22 07:30:00,EXC002,OP1002,1495.0,9782.0,3254,7.6,Fastened,14.3,No,TASK-OP1002-0040,Grading,102.3,TAB-1002-A,North Pit - Zone 2,True,v2.3.1
2026-09-22 07:30:00,LDR001,OP1003,2514.1,22220.8,3267,8.8,Fastened,16.8,No,TASK-OP1003-0037,Loading,58.6,TAB-1003-A,South Quarry - Zone 1,True,v2.2.4
2026-09-22 07:30:00,LDR001,OP1004,2532.1,22525.2,3303,10.6,Fastened,22.9,No,TASK-OP1004-0039,Digging,82.6,TAB-1004-A,South Quarry - Zone 2,True,v2.2.4
2026-09-22 08:15:00,EXC001,OP1001,2447.9,9528.3,4862,28.3,Fastened,0.5,Yes,TASK-OP1001-0041,Loading,65.2,TAB-1001-A,North Pit - Zone 1,True,v2.3.1
2026-09-22 08:15:00,EXC002,OP1002,1496.0,9801.3,3255,6.5,Fastened,12.3,No,TASK-OP1002-0040,Grading,102.3,TAB-1002-A,North Pit - Zone 2,True,v2.3.1
2026-09-22 08:15:00,LDR001,OP1003,2515.2,22234.1,3271,6.8,Fastened,19.3,No,TASK-OP1003-0037,Loading,58.6,TAB-1003-A,South Quarry - Zone 1,True,v2.2.4
2026-09-22 08:15:00,LDR001,OP1004,2533.3,22539.2,3304,5.4,Fastened,24.0,No,TASK-OP1004-0039,Digging,82.6,TAB-1004-A,South Quarry - Zone 2,True,v2.2.4
2026-09-22 09:00:00,EXC001,OP1001,2448.8,9549.7,4866,29.7,Unfastened,11.7,Yes,TASK-OP1001-0041,Loading,65.2,TAB-1001-A,North Pit - Zone 1,True,v2.3.1
2026-09-22 09:00:00,EXC002,OP1002,1497.2,9822.2,3256,5.7,Fastened,14.4,No,TASK-OP1002-0040,Grading,102.3,TAB-1002-A,North Pit - Zone 2,True,v2.3.1
2026-09-22 09:00:00,LDR001,OP1003,2516.3,22248.1,3273,4.0,Fastened,22.0,No,TASK-OP1003-0037,Loading,58.6,TAB-1003-A,South Quarry - Zone 1,True,v2.2.4
2026-09-22 09:00:00,LDR001,OP1004,2534.3,22560.4,3306,6.4,Fastened,16.7,No,TASK-OP1004-0039,Digging,82.6,TAB-1004-A,South Quarry - Zone 2,True,v2.2.4
2026-09-22 09:45:00,EXC001,OP1001,2449.7,9564.9,4868,27.6,Fastened,8.9,No,TASK-OP1001-0041,Loading,65.2,TAB-1001-A,North Pit - Zone 1,True,v2.3.1
2026-09-22 09:45:00,EXC002,OP1002,1498.3,9840.3,3260,3.8,Fastened,22.9,No,TASK-OP1002-0040,Grading,102.3,TAB-1002-A,North Pit - Zone 2,True,v2.3.1
2026-09-22 09:45:00,LDR001,OP1003,2517.2,22269.2,3274,5.5,Fastened,15.0,No,TASK-OP1003-0037,Loading,58.6,TAB-1003-A,South Quarry - Zone 1,True,v2.2.4
2026-09-22 09:45:00,LDR001,OP1004,2535.4,22577.5,3307,4.2,Fastened,16.8,No,TASK-OP1004-0039,Digging,82.6,TAB-1004-A,South Quarry - Zone 2,True,v2.2.4
2026-09-22 10:30:00,EXC001,OP1001,2450.7,9583.3,4872,35.0,Fastened,2.3,No,TASK-OP1001-0041,Loading,65.2,TAB-1001-A,North Pit - Zone 1,True,v2.3.1
2026-09-22 10:30:00,EXC002,OP1002,1499.5,9856.4,3263,9.3,Fastened,20.4,No,TASK-OP1002-0041,Digging,99.7,TAB-1002-A,North Pit - Zone 2,True,v2.3.1
2026-09-22 10:30:00,LDR001,OP1003,2518.3,22286.4,3275,7.6,Fastened,14.4,No,TASK-OP1003-0038,Transport,58.6,TAB-1003-A,South Quarry - Zone 1,True,v2.2.4
2026-09-22 10:30:00,LDR001,OP1004,2536.4,22591.3,3311,4.8,Fastened,18.7,No,TASK-OP1004-0040,Loading,52.3,TAB-1004-A,South Quarry - Zone 2,True,v2.2.4
2026-09-22 11:15:00,EXC001,OP1001,2451.6,9605.0,4875,31.7,Unfastened,8.9,Yes,TASK-OP1001-0041,Loading,65.2,TAB-1001-A,North Pit - Zone 1,True,v2.3.1
2026-09-22 11:15:00,EXC002,OP1002,1500.4,9869.4,3267,2.7,Fastened,16.7,No,TASK-OP1002-0041,Digging,99.7,TAB-1002-A,North Pit - Zone 2,True,v2.3.1
2026-09-22 11:15:00,LDR001,OP1003,2519.3,22303.6,3279,6.1,Fastened,18.0,No,TASK-OP1003-0038,Transport,58.6,TAB-1003-A,South Quarry - Zone 1,True,v2.2.4
2026-09-22 11:15:00,LDR001,OP1004,2537.3,22604.9,3314,6.5,Fastened,18.0,No,TASK-OP1004-0040,Loading,52.3,TAB-1004-A,South Quarry - Zone 2,True,v2.2.4
2026-09-22 12:00:00,EXC001,OP1001,2452.7,9619.9,4877,28.9,Fastened,3.4,No,TASK-OP1001-0042,Loading,52.7,TAB-1001-A,North Pit - Zone 1,True,v2.3.1
2026-09-22 12:00:00,EXC002,OP1002,1501.5,9882.9,3270,9.6,Unfastened,18.6,Yes,TASK-OP1002-0041,Digging,99.7,TAB-1002-A,North Pit - Zone 2,True,v2.3.1
2026-09-22 12:00:00,LDR001,OP1003,2520.2,22321.3,3280,9.3,Fastened,19.9,No,TASK-OP1003-0038,Transport,58.6,TAB-1003-A,South Quarry - Zone 1,True,v2.2.4
2026-09-22 12:00:00,LDR001,OP1004,2538.4,22619.8,3318,7.3,Fastened,22.8,No,TASK-OP1004-0040,Loading,52.3,TAB-1004-A,South Quarry - Zone 2,True,v2.2.4
2026-09-22 12:45:00,EXC001,OP1001,2453.9,9641.4,4881,28.3,Fastened,1.0,Yes,TASK-OP1001-0042,Loading,52.7,TAB-1001-A,North Pit - Zone 1,True,v2.3.1
2026-09-22 12:45:00,EXC002,OP1002,1502.3,9903.1,3274,13.0,Fastened,19.6,No,TASK-OP1002-0041,Digging,99.7,TAB-1002-A,North Pit - Zone 2,True,v2.3.1
2026-09-22 12:45:00,LDR001,OP1003,2521.2,22334.3,3283,5.9,Fastened,21.3,No,TASK-OP1003-0038,Transport,58.6,TAB-1003-A,South Quarry - Zone 1,True,v2.2.4
2026-09-22 12:45:00,LDR001,OP1004,2539.5,22639.6,3320,8.8,Fastened,12.1,No,TASK-OP1004-0040,Loading,52.3,TAB-1004-A,South Quarry - Zone 2,True,v2.2.4
2026-09-22 13:30:00,EXC001,OP1001,2455.0,9659.1,4883,28.1,Fastened,0.5,Yes,TASK-OP1001-0042,Loading,52.7,TAB-1001-A,North Pit - Zone 1,True,v2.3.1
2026-09-22 13:30:00,EXC002,OP1002,1503.1,9916.8,3277,6.6,Fastened,16.8,No,TASK-OP1002-0041,Digging,99.7,TAB-1002-A,North Pit - Zone 2,True,v2.3.1
2026-09-22 13:30:00,LDR001,OP1003,2522.4,22355.1,3286,10.2,Fastened,20.2,No,TASK-OP1003-0038,Transport,58.6,TAB-1003-A,South Quarry - Zone 1,True,v2.2.4
2026-09-22 13:30:00,LDR001,OP1004,2540.6,22658.4,3323,0.0,Fastened,21.7,No,TASK-OP1004-0040,Loading,52.3,TAB-1004-A,South Quarry - Zone 2,True,v2.2.4
2026-09-22 14:15:00,EXC001,OP1001,2456.2,9680.8,4885,30.1,Fastened,1.7,Yes,TASK-OP1001-0042,Loading,52.7,TAB-1001-A,North Pit - Zone 1,True,v2.3.1
2026-09-22 14:15:00,EXC002,OP1002,1504.1,9930.0,3281,6.4,Fastened,17.4,No,TASK-OP1002-0041,Digging,99.7,TAB-1002-A,North Pit - Zone 2,True,v2.3.1
2026-09-22 14:15:00,LDR001,OP1003,2523.4,22373.2,3287,6.0,Fastened,12.8,No,TASK-OP1003-0038,Transport,58.6,TAB-1003-A,South Quarry - Zone 1,True,v2.2.4
2026-09-22 14:15:00,LDR001,OP1004,2541.8,22677.2,3327,1.9,Fastened,17.1,No,TASK-OP1004-0041,Digging,163.8,TAB-1004-A,South Quarry - Zone 2,True,v2.2.4
2026-09-22 15:00:00,EXC001,OP1001,2457.1,9700.3,4887,30.7,Unfastened,0.5,Yes,TASK-OP1001-0043,Digging,172.4,TAB-1001-A,North Pit - Zone 1,True,v2.3.1
2026-09-22 15:00:00,EXC002,OP1002,1505.1,9943.8,3285,8.1,Fastened,21.8,No,TASK-OP1002-0042,Grading,54.6,TAB-1002-A,North Pit - Zone 2,True,v2.3.1
2026-09-22 15:00:00,LDR001,OP1003,2524.4,22392.1,3288,2.8,Fastened,16.8,No,TASK-OP1003-0039,Transport,30.1,TAB-1003-A,South Quarry - Zone 1,True,v2.2.4
2026-09-22 15:00:00,LDR001,OP1004,2542.9,22695.2,3328,2.5,Fastened,10.8,No,TASK-OP1004-0041,Digging,163.8,TAB-1004-A,South Quarry - Zone 2,True,v2.2.4
2026-09-22 15:45:00,EXC001,OP1001,2458.0,9718.7,4888,31.0,Fastened,6.5,No,TASK-OP1001-0043,Digging,172.4,TAB-1001-A,North Pit - Zone 1,True,v2.3.1
2026-09-22 15:45:00,EXC002,OP1002,1506.1,9958.4,3289,3.6,Fastened,12.7,No,TASK-OP1002-0042,Grading,54.6,TAB-1002-A,North Pit - Zone 2,True,v2.3.1
2026-09-22 15:45:00,LDR001,OP1003,2525.6,22411.0,3289,4.2,Fastened,17.3,No,TASK-OP1003-0039,Transport,30.1,TAB-1003-A,South Quarry - Zone 1,True,v2.2.4
2026-09-22 15:45:00,LDR001,OP1004,2543.9,22716.6,3331,7.6,Fastened,21.0,No,TASK-OP1004-0041,Digging,163.8,TAB-1004-A,South Quarry - Zone 2,True,v2.2.4
2026-09-22 16:30:00,EXC001,OP1001,2459.1,9738.0,4891,24.0,Unfastened,5.1,Yes,TASK-OP1001-0043,Digging,172.4,TAB-1001-A,North Pit - Zone 1,True,v2.3.1
2026-09-22 16:30:00,EXC002,OP1002,1507.2,9976.0,3291,0.5,Fastened,20.0,No,TASK-OP1002-0042,Grading,54.6,TAB-1002-A,North Pit - Zone 2,True,v2.3.1
2026-09-22 16:30:00,LDR001,OP1003,2526.8,22432.0,3290,6.2,Fastened,20.1,No,TASK-OP1003-0039,Transport,30.1,TAB-1003-A,South Quarry - Zone 1,True,v2.2.4
2026-09-22 16:30:00,LDR001,OP1004,2544.9,22732.1,3334,4.3,Fastened,7.6,No,TASK-OP1004-0041,Digging,163.8,TAB-1004-A,South Quarry - Zone 2,True,v2.2.4
2026-09-22 17:15:00,EXC001,OP1001,2460.0,9752.5,4892,33.7,Unfastened,0.5,Yes,TASK-OP1001-0043,Digging,172.4,TAB-1001-A,North Pit - Zone 1,True,v2.3.1
2026-09-22 17:15:00,EXC002,OP1002,1508.3,9988.9,3294,2.7,Fastened,9.4,No,TASK-OP1002-0042,Grading,54.6,TAB-1002-A,North Pit - Zone 2,True,v2.3.1
2026-09-22 17:15:00,LDR001,OP1003,2527.9,22447.1,3294,5.8,Fastened,19.9,No,TASK-OP1003-0039,Transport,30.1,TAB-1003-A,South Quarry - Zone 1,True,v2.2.4
2026-09-22 17:15:00,LDR001,OP1004,2545.8,22749.3,3338,4.4,Fastened,19.6,No,TASK-OP1004-0041,Digging,163.8,TAB-1004-A,South Quarry - Zone 2,True,v2.2.4
2026-09-22 18:00:00,EXC001,OP1001,2460.8,9768.9,4896,35.0,Fastened,5.3,No,TASK-OP1001-0044,Digging,146.4,TAB-1001-A,North Pit - Zone 1,True,v2.3.1
2026-09-22 18:00:00,EXC002,OP1002,1509.3,10008.5,3296,7.2,Fastened,28.0,No,TASK-OP1002-0042,Grading,54.6,TAB-1002-A,North Pit - Zone 2,True,v2.3.1
2026-09-22 18:00:00,LDR001,OP1003,2529.0,22468.8,3296,6.2,Fastened,10.1,No,TASK-OP1003-0039,Transport,30.1,TAB-1003-A,South Quarry - Zone 1,True,v2.2.4
2026-09-22 18:00:00,LDR001,OP1004,2546.9,22769.7,3341,1.6,Fastened,18.7,No,TASK-OP1004-0042,Digging,121.4,TAB-1004-A,South Quarry - Zone 2,True,v2.2.4
